,Latitude,Longitude,CategoryID
2,32.1046706,34.9644714,3
3,46,105,5
4,27.82,30.78,2
6,30.3383,42.4989,3
9,33.5,22,1
12,33,36,3
13,34.75,19.25,7
15,28.75,42.75,3
16,30.3383,42.4989,3
17,41.9,12.5,1
18,33,33,1
19,25,29,2
21,36.772309,31.3940885,3
22,34,100.5,6
23,38.366667,117.35,6
24,37.6675,32.828333,3
25,37.952859,58.212177,5
26,31.25,34.75,3
27,30.3383,42.4989,3
28,41.75,12.25,1
29,42.25,12.5,1
30,42,12.5,1
31,25.727772,32.610244,2
32,31.5,35.25,3
33,30.3383,42.4989,3
34,37.5,37.5,3
35,25.5,29.5,2
36,27.8,30.84,2
37,31.25,35,3
38,37.92,22.65,1
39,33,23,3
40,29.5,42.25,3
41,37,38.85,3
42,32.1887935,48.2537285,3
43,39.5,40.5,4
44,35.5,35.75,3
45,31.9475216667,35.9313120667,3
46,31.25,35.25,3
47,41.75,12.5,1
48,41.9,12.5,1
49,36.5136883333,29.1296185,3
50,35.610222,35.780703,3
51,35.3322698,24.67524836,1
52,35.6,108.4,6
53,30.9437675,35.707167,3
54,34.75,18.75,7
55,31,35,3
56,38.849078,35.632229,3
57,33.25,35.5,3
58,30.3383,42.4989,3
59,35.604091,35.787090,3
60,30.25,34.5,3
61,33.31468,44.39044,1
62,33.745685,72.815207,6
63,41.9,12,1
64,41.9,12.25,1
65,21,78.5,6
66,35,102,6
67,33,103,6
68,42,12.25,1
69,15.35,77.5,6
70,29,42.5,3
71,29,42.75,3
72,35,19,7
73,32.542956,44.4260235,3
74,34,116,6
75,20.5,78.5,6
76,37.5,22.5,1
77,32,48,3
78,30.75,34.75,3
79,41.5,12.25,1
80,35,38,3
81,28.75,42,3
82,32.25,44.5,3
83,38.5,57.5,3
84,30.3383,42.4989,3
85,35.602208,35.785680,3
86,35,102.5,6
87,40.5,36.5,3
88,26.82,30.82,2
89,32.204421,45.316682,3
90,32,43,3
91,41.5,12.5,1
92,32,45.5,3
93,36.5097353,43.2280283,3
94,37.35,66.5,5
95,52.5,-2.5,1
96,35,19,7
97,36.5801979293,17.1153617347,3
98,30.3383,42.4989,2
99,13.43333,103.75,6
100,35,38,3
101,35.8897,23.3078,1
102,31.25,35,3
103,40.0718920039,8.90091179614,1
104,30.3383,42.4989,3
105,36.830556,49.459167,3
106,26.833145,31.416623,2
107,35,19,7
108,34,44,3
109,32.5,44.5,3
110,26,30,2
111,35,19,3
112,32,54.5,3
113,37.5,38.75,3
114,35,19.25,7
115,29.25,30.75,2
116,30.3383,42.4989,3
117,35,103,6
118,35,102,6
119,30.3383,42.4989,3
120,31.25,34.5,3
121,31.5,53,3
122,42.78,89.34,5
123,39.491111,26.3383585,3
124,33,36,3
125,39.5,40.5,3
126,37.5,38.5,3
127,23,29,2
128,26,30,2
129,30.3333330,35.5833330,3
130,37.5,22.5,1
131,38.849078,35.632229,3
134,44.79,37.53,4
135,29.75,31.25,2
136,29.894088,31.204414,2
137,29.893249,31.203193,2
138,29.897597,31.205248,2
139,29.884333,31.208828,2
140,29.896115,31.20404,2
141,38.4097631,33.833806,3
142,29.934,52.891,3
143,33,33,1
144,39.6310737661,30.9895776103,1
145,34,22,1
146,36.737778,40.586944,3
147,32.5,44.5,3
148,35.7990446787,36.7983658027,3
149,42,12.75,1
150,22.5,32.5,2
151,32,45.2,3
152,37.7409397,23.430141,1
153,25,30,2
154,36.914956,34.898228,3
155,33,65,5
156,35,38.5,3
157,33.75,22.75,1
158,40.761,30,1
159,34.75,103,6
160,35,103,6
161,24,29,2
162,25,29,2
163,27,29,2
164,25.5,30,2
165,25.5,28.5,2
166,27.5,30,2
167,25.5,29.5,2
168,25.5,28.5,2
169,40.0718920039,8.90091179614,1
170,37.4224562877,25.8829628236,1
171,25.54008889,29.04524722,2
172,31.7506046743,34.9749370037,3
173,31.745686,34.986647,3
174,31.7506046743,34.9749370037,3
176,26,30,2
177,33.8217336333,42.2780920167,3
178,33,43,3
179,29,42.25,3
180,33,42,3
181,28.75,43,3
182,36.1069582726,43.2437443112,3
183,32.92128675,35.079835,3
184,32.92128675,35.079835,3
185,36.351534,25.403744,1
187,39,34,3
191,33.31468,44.39044,3
192,36.007956,37.009719,3
193,31.524744,35.110726,3
199,34.7583354855,32.9219230843,3
201,34.75,18.25,7
202,38.488314,28.040286,3
203,31.1982456667,29.9079146667,2
204,33,43,3
205,36.5801979293,17.1153617347,3
206,34,44,3
207,29,42,3
208,26.25,30.25,2
209,27.5,29,2
210,26.25,28,2
211,25,31,2
214,31.435273,45.75,3
215,32.5,44.5,3
216,36,43.3,3
217,30.3383,42.4989,3
218,35.9580498787,39.0472662969,3
219,15.398114,45.320721,3
220,45.450688,68.831901,5
221,35.01573665,33.42376815,3
222,30.3383,42.4989,3
223,39.024854,31.2986016667,3
224,40.8219755,23.847005,1
225,51.837282,5.893504,1
226,33,33,3
228,40.0718920039,8.90091179614,2
229,40.25,40.75,4
230,35,104.5,6
231,25.5,51.5,3
232,20.5,78,6
233,38.896085,38.946353,3
234,39.656498,66.947223,5
235,28,42.25,3
236,36.1069582726,43.44,3
237,36.9667,44.2,3
238,33,103,6
239,45.450688,68.831901,5
240,34,103,6
241,37.25,22.75,1
242,35.5,19.25,7
243,27.5,42.5,3
244,26,29,2
245,42,22,1
247,32,45.5,3
248,41.75,12.5,1
249,30.3383,42.4989,5
250,45.450688,68.831901,3
251,40.396276,34.032887,3
252,39.6310737661,30.9895776103,3
253,27.78,30.79,2
254,23,29,2
258,39.5,31,3
259,39.6310737661,30.9895776103,3
261,38.849078,35.632229,3
262,39.6310737661,30.9895776103,3
263,39.6310737661,30.9895776103,3
264,50,11,7
265,30.3383,42.4989,3
266,33,36,3
267,42.25,12.5,1
268,46.5,104.5,6
269,35,103.25,6
270,33,102,6
271,34.5,100.5,6
272,33.5,103,6
273,42.189608,59.326172,5
274,36.5801979293,17.1153617347,3
275,31.25,35,3
276,46.691895,31.901597,4
277,37.5,22.5,1
278,33,36,3
279,35.0413672607,33.2756110602,3
280,33.5114776451,36.3070100711,3
281,24,28,2
282,24,28,2
283,35,19.5,7
284,35,18.75,7
285,37.4202265076,25.8990768471,1
286,37.25,22.25,1
287,31.25,34.75,3
288,32.5,44.5,3
289,28.75,42.5,3
290,32,54,3
291,32,56,3
292,45.2,60.2,5
293,33,35.5,3
294,33,36.75,3
295,30.25,34.25,3
296,30.75,35,3
297,29.5,34.0,3
298,32.053079,34.7499295,3
299,34,44.5,3
300,28,42,3
301,29.3,42.5,3
302,41.8917375,12.4861685,1
303,32,54,3
304,34.75,18.75,7
305,42,12.25,1
306,41.9,12.5,1
307,34.5,18.5,7
308,42.4395125,3.1766232,1
309,13.25,103.8333,6
310,13.43333,103.8333,6
311,13.43333,103.8333,6
312,13.43333,103.8333,6
313,13.43333,103.8333,6
314,13.4124738681,103.866878386,6
315,13.43333,103.8333,6
317,31.6,46,3
318,21,78,6
319,37.5,22.5,1
320,34,44,3
321,35,19,7
322,38.849078,35.632229,3
323,38.849078,35.632229,3
324,38.75,35.5,3
325,25.5,28,2
326,24,30,2
327,50.5,58.5,5
329,36.8903095,30.699968,3
330,34,44,3
331,35,19,7
332,39.6310737661,30.9895776103,3
349,28.75,42.75,3
350,29,42,3
351,29.5,42.5,3
352,29.3,42.5,3
353,39.13153246,27.18422554,3
354,41.5,12,1
355,35,18.5,1
356,35,38,3
357,60,47,4
364,30.993,104.2,6
366,32.116466,34.934048,3
367,32.116466,34.934048,3
368,34,22.5,1
369,41.8917375,12.4861685,1
370,32,53,3
371,34,23.5,3
372,28.75,43,3
373,50,58.5,7
374,31.2799119,35.1255017,3
376,39.283611,43.371944,4
377,39.283611,43.6,4
378,39.283611,43.371944,4
379,29,42,3
380,32.0807748717,48.3289663161,3
381,35,38,3
382,29,42.75,3
383,21.166667,94.866667,6
384,35,19,7
385,26,30,2
386,33.8333,35.8333,1
387,33.8333,35.8333,1
388,35.25,19,7
389,45,23,1
390,30.3383,42.4989,3
391,40.0718920039,8.90091179614,1
392,31.928333,35.238333,3
393,35,19.5,7
394,31.741828,35.459407,3
395,36.25,17,1
396,37.5,22.5,1
397,36,18,7
398,14.125005,38.721522,2
399,35,19,7
400,35,19,7
401,37.382668,-5.996293,1
402,31.25,34.75,3
403,31.318403,34.653073,3
404,51,55.5,4
405,50.5,58.75,4
406,50.5,58.5,4
407,50.5,59,4
408,50.5,59,4
409,50.5,58.5,4
410,50,51,4
411,50.5,58.5,4
412,50.5,58.5,4
413,31.25,35,1
414,32.75,35.25,3
415,29,42,3
417,37.5,22.25,1
418,39.6310737661,30.9895776103,3
419,34.25,103,6
420,37.4202265076,25.8990768471,1
421,30.96233805,46.10397,3
422,42,43.5,4
423,34.25,36.25,3
424,39.6310737661,30.9895776103,3
425,35.602208,35.785680,3
426,38.479252432,28.031092807,2
427,30.3383,42.4989,3
428,36.84837212,10.32340778,2
429,37.75,29.25,3
430,35,18.5,7
431,34.5523591,40.8843621,3
432,37.25,25.8990768471,1
434,37.9765256666,23.7255156587,1
435,39.25,30.75,3
509,60,-175,5
510,42,22.5,1
511,39.283611,43.371944,4
512,39.75,40.5,4
514,40.25,40.5,4
517,39.283611,43.371944,4
520,38.3649435,38.3378895,3
521,34.75,102.5,6
522,39.5232397778,16.71231,1
523,36.5801979293,17.1153617347,7
524,35,102.5,6
525,33,65,5
526,32.5,72.5,6
527,-5,120,6
528,35,101.5,6
529,52.947222,141.083889,6
530,35,19,7
531,-5,120,6
532,36.5801979293,17.1153617347,1
533,30.3383,42.4989,3
535,37.0804631,22.42837425,1
536,25,31,2
537,33.5,102.5,6
539,34.857075,35.8584331667,3
541,37.94218342,27.34551256,3
542,24,30,2
547,31.6659785,34.545947,3
548,31.6659785,34.545947,3
549,31.6659785,34.545947,3
550,43.25,87.331111,6
551,43.681111,87.331111,6
552,34.7491245,40.7285885,3
553,41.8917375,12.4861685,1
554,37.5,37.5,3
555,34,44.5,3
556,38.85006045,35.63763255,3
557,35.521389,43.236332,3
558,36,43.3,3
559,35.5,43.2,3
560,32.25,44.5,3
561,30.3383,42.4989,3
562,32.5,44.75,3
563,28.542574,30.65172,2
564,29.5,42,3
565,39.6310737661,30.9895776103,4
566,37.9765256666,23.7255156587,1
567,26.511376,31.665497,2
568,26.511376,31.665497,2
569,37.75,29,3
570,30.3383,42.4989,3
571,42.5,12.5,1
572,31,34.75,3
573,29,42,3
574,29.25,42,3
575,32,54.25,3
576,37.5,22.5,1
577,25.4,30,2
578,25,29,2
579,32,53,3
580,41.9,12.5,1
581,41.9,12.5,1
582,41.89,12.48,1
583,26.75,30,2
584,37.384829,27.256115,3
585,35.521389,43.236332,3
586,36.14945,38.061005,3
587,36.6465219,39.498189,3
588,40.01824972,34.78,3
589,40.01824972,34.62021474,3
590,43.681111,87.331111,3
591,41.011,28.97,1
592,30.5,51.5,3
593,30.75,30.25,2
594,39.656498,66.947223,5
595,45.4,43,4
597,34.0110135,36.2021205,3
598,31.2539283,35.5354181,3
599,32.542956,44.4260235,3
600,32.542956,44.4260235,3
601,32.542956,44.4260235,3
602,32.542956,44.4260235,3
603,29.25,42.25,1
604,32.5,44.5,3
605,32.542956,44.4260235,3
606,32.542956,44.4260235,3
607,27.0000001,50.9999999,3
608,32.5,44.5,3
609,32.5,45,3
610,34,44,3
611,36.1069582726,43.2437443112,3
612,32,42,3
613,29,42.5,3
614,29.6363452968,47.9552182203,3
617,38.1647299999,27.1449868615,3
621,35.833,10.333,2
625,37.0675116667,41.2154466667,3
627,35.6,35.8,3
628,29.4,42.4,3
629,36,40,3
630,41.9,12.5,1
631,32.5,7.5,2
633,41.75,12.25,1
634,33.507469,36.312195,3
635,30.3383,42.4989,3
636,35,18,7
637,36.1069582726,43.5,3
638,33,33,3
661,25,28,2
662,25.5,28.75,2
663,28.75,42,3
665,30.75,34.75,3
666,34.60958125,40.22618475,3
667,23.9103,35.4737,2
668,26,30,2
669,28.75,42.5,3
671,32.713858,35.573386,3
672,32.700095,35.135395,3
673,32.895613,35.619825,3
674,32.895613,35.619825,3
675,39.3,34.7,1
676,29.25,42.5,3
677,38.2552883,29.7002949,3
678,37.5,22.5,1
679,28.75,42.5,3
680,24,28,7
681,25,28,2
682,31.87,35.21,3
690,34,22,3
691,28.75,43,3
692,31,34.25,3
693,32,54,3
694,39.25,40.5,4
695,41,29.15,1
696,29.7779115,51.5710073,3
697,26,30,2
698,41.8917375,12.4861685,1
699,41.5,12.25,1
704,25,30,2
705,37.5,22.5,1
707,35.986842,38.111375,3
708,38.3466880333,23.1846775333,1
709,38.3466880333,23.1846775333,1
712,26.25,30.25,2
713,39.6310737661,30.9895776103,3
715,-7.608,110.204,6
716,-7.608001,110.203826,6
720,29.4,42,3
721,41.314905,45.645319,4
723,28.75,42.5,3
724,38.36,44.33,3
725,31.866353,34.920181,3
726,27.5,30,2
727,46,25,1
728,32.43,53.67,3
736,40,95,6
737,20,78,6
738,40.037222,94.804167,6
739,34,116.5,6
743,42.5,22.5,1
744,41.8917375,12.4861685,1
745,29.3,42.5,3
746,30.3383,42.4989,3
747,28.75,42.75,3
748,24,29,2
749,31.435273,45.973967,3
750,30,34.5,3
751,34,117,6
752,34,22,1
753,32.25,53.75,3
755,35,19,7
756,29.25,35.25,3
757,31.8700465,35.443876,3
759,41.011,28.97,1
760,41.011,28.97,1
761,41.011,29.25,1
763,41.25,29.25,1
764,39.75,28.97,3
765,38.488314,28.040286,3
766,41.011,28.97,3
767,41.011,29.75,1
768,40.761,29.5,1
769,41.011,28.97,3
770,41.011,28.97,1
771,40.761,29.25,1
772,41.011,28.97,1
773,41.011,28.97,3
774,39.6310737661,30.9895776103,1
775,40.27,28.75,1
778,36.84837212,10.32340778,2
780,28.75,42.5,3
781,13,105,6
782,30.3383,42.4989,3
783,30.3383,42.4989,3
785,36.215,30.407,3
786,31.25,34.75,3
787,37.5,7.5,2
788,35.833,10.333,2
789,36.84837212,10.32340778,2
790,36.84837212,10.32340778,2
791,34.5,101.5,6
792,38.036873,-3.6240175,1
793,38.036873,-3.6240175,1
794,30.435291,57.737995,3
795,40.25,29,1
796,25.728284,32.601357,2
797,36.986559,35.338677,3
798,34,49.5,3
799,39.283611,43.371944,4
800,39.58,40.4,4
801,36.5801979293,17.1153617347,1
802,32.5,44.5,3
803,23,29,2
804,29,42.5,3
805,30,41,3
806,28,41,3
807,46,2,1
808,46,2,1
809,26.820553,30.802498,2
810,41.8917375,12.4861685,1
811,38.3526615055,43.459885978,3
812,33,33,3
813,34.5,104,6
814,37.70729,-5.346426,1
815,35,19,7
816,40,35,3
817,35,103,6
818,36.5801979293,17.1153617347,1
819,36.84837212,10.32340778,2
820,25.5,29,2
821,36.8755945806,40.8976593415,3
822,36.8755945806,40.8976593415,3
827,37.4202265076,25.8990768471,1
828,33.513,36.291,3
832,40.761,29.5,1
833,30.8093425,47.562804,3
834,24,30,2
835,35,38.5,3
846,32.5,103,6
847,34,104,6
848,34.5,103,6
849,33,103.5,6
850,35,103,6
851,33.5,103,6
852,35,103.5,6
853,34.25,104,6
854,35,103,6
855,35,105,6
856,35.75,103.75,6
857,35,102,6
858,34,104,6
859,33.5,101.5,6
860,34,102,6
861,34.75,103,6
862,35.25,104,6
863,24.5,102,6
864,35,104,6
865,35.5,104,6
866,38,22.5,1
869,39,43.371944,4
870,41.011,29.25,3
872,41.9,12.5,1
873,37.94218342,27.34551256,3
874,35.8617,56.84,3
875,26,29,2
876,28.75,42.75,3
877,29,42,3
878,34.75,102,6
879,41.011,28.97,1
880,37.5,38.75,3
881,37.5,38.75,3
882,41.011,30,1
883,26.75,30.25,2
884,29.9758087083,31.1343486917,2
885,27.181346,31.1825335,2
886,26.25,28,2
900,35.0413672607,33.2756110602,3
902,41.011,28.97,1
903,36,103.25,6
904,34,44.5,3
905,41.9,12.5,1
906,35,19,7
907,37.5,37,3
908,36.5801979293,17.1153617347,1
909,32.75,35.75,3
910,35.25,103.25,6
911,42,12.45,1
912,32,56,3
913,42.25,12,1
914,42.25,12.25,1
915,42,12.25,1
916,36.5801979293,17.1153617347,1
917,36.5801979293,17.1153617347,1
918,41.9,12.5,1
919,48.5,-3.5,1
920,42.25,12,1
922,53.826,-2,1
923,36.5801979293,17.1153617347,1
924,35,101.5,6
925,42.5,-8.5,1
926,36.356272,43.145852,3
927,27.5,29.5,2
928,34.5,102.5,6
929,25.75,30,2
930,40,31,3
931,39.6310737661,31.5,3
932,39.6310737661,30.9895776103,3
933,42.5,-7.5,1
934,40.761,30,3
935,31.1982456667,29.9079146667,1
936,41.5,12.5,1
937,29.3,42.5,3
938,37.1625575,38.781432,3
939,32.5,44.5,3
940,34.5,19,7
941,25.75,29.75,2
942,29,42,3
943,29,43,3
944,35,19,7
945,38.304239,31.189704,3
946,39.5232397778,16.71231,1
947,36.882478,7.751272,1
948,31.25,34.75,3
949,35,101,6
950,35,103,6
953,16.166667,107.833333,6
954,44.6003,2.3972,1
955,40,76,5
956,41.00746276,28.96060984,1
957,41.00746276,28.96060984,1
958,37.9765256666,23.7255156587,1
959,37.5,22.5,1
960,29,42.5,3
961,37.3170265,-5.060833,1
962,35,101.5,6
963,34,24,7
964,37.6016219,-0.9845966,1
965,46.433,68.466,5
966,33.75,47,3
967,32.5162766,36.481845,3
968,29,42.25,3
969,31,36,3
970,35.8617,56.84,3
971,40,94.6,6
972,31.75,54,3
973,26,27,2
974,26,28,2
975,24,29,2
976,25,29,2
977,29.5164395,30.897603,2
978,25.73294,32.6088898,2
979,26.25,28.25,2
980,25.5,28,2
981,26,30,2
982,37.906033,22.879189,1
983,39.2620252,44.33103221,3
984,25,31,2
985,27,29,2
986,31.25,35,3
987,38.75,29.75,3
988,26,29,2
989,27.78,30.80,2
990,24,28,2
991,37.5,22.5,1
992,27.329167,68.138889,5
993,27.329167,68.138889,5
994,34,44,3
995,36.1069582726,43.2437443112,3
996,28.75,42,3
997,34.75,19.5,3
998,41.011,29.5,1
999,33,104,6
1000,29.5,42.25,3
1001,30.3383,42.4989,3
1002,30.3383,42.4989,3
1003,29,42,3
1004,34,23,1
1005,35.21,24.91,1
1006,35.21,24.91,1
1007,35.21,24.91,1
1008,35.21,24.91,1
1009,43.5392743667,16.4824028667,1
1010,29,43,3
1011,25.5,29.25,2
1013,37.9291298617,27.3594016674,3
1014,28.75,43,3
1015,37.5,22.5,1
1016,46,25,1
1018,26,30,2
1019,46.433,68.466,5
1020,34,116.5,6
1021,34,44,3
1022,46.433,68.466,5
1023,37.25,22.25,1
1024,16.25,33.75,2
1025,36.6764705882,40.1470588235,3
1026,31,34.75,3
1027,26,30,2
1028,34.5,43.5,3
1029,27.77,30.77,2
1030,27.76,30.8,2
1031,27.75,30.82,2
1032,27.8,30.82,2
1033,35,18.5,7
1034,34.95,33.2,3
1035,35.0413672607,33.2756110602,3
1036,34.95,33,3
1037,35.0413672607,33.5,3
1038,31.1982456667,29.9079146667,2
1039,36.75,38.7,3
1040,29,42,3
1042,39,30.9895776103,3
1049,45.5,22.5,1
1050,28.75,43,3
1051,42,12.5,1
1052,41.9,12.5,1
1053,41.9,12.5,1
1054,43.0786852,34.7425505,4
1056,34,44,3
1057,35,38,3
1060,30.3383,42.4989,3
1062,34.5,103.5,6
1063,31.411389,46.407222,3
1064,45.450688,68.831901,5
1065,35.381241,44.208201,3
1066,35.381241,44.208201,3
1067,32.5,44.5,3
1068,36.25,29.25,3
1069,37.5,37.5,3
1070,32.5,48.5,3
1071,25.6,29.8,2
1072,44.354154,40.411078,4
1073,32,44.5,3
1074,48.554856,29.264624,4
1075,38.8,34,3
1076,29,42.75,3
1077,29,42.75,3
1078,32,55,3
1079,41.9,12,1
1080,27.5,28.5,2
1081,33,36,3
1082,26.766667,31.566667,2
1083,53.595352,91.385873,5
1084,36.25,29.15,3
1085,32,56,3
1086,25.5,28.75,2
1087,26.25,28,2
1088,39,71,5
1090,40,40.5,4
1091,18.97,72.82,6
1095,37.5,32.5,3
1096,41.00746276,28.96060984,3
1097,29.849491,31.255061,2
1098,46,68.831901,5
1099,45.75,68.831901,5
1100,35.110609,25.806709,1
1101,40.761,30,1
1102,37.5,32.5,1
1103,26.25,29.5,2
1104,32.85,36,3
1105,36.5801979293,17.1153617347,1
1106,31.25,34.75,3
1107,29.0592303,70.12808435,6
1108,35.0413672607,33,3
1109,26.612692,37.922841,3
1110,34,23,7
1111,36.5801979293,17.1153617347,1
1112,36.192631,36.663794,3
1113,29.8717455,31.216001,2
1114,24,28,2
1115,26,30,2
1116,26.75,28.75,2
1117,25.5,29,2
1118,25,28,2
1119,29.3,42.5,3
1120,36.25,38.25,3
1121,25.0194525247,28.4726374225,2
1122,24,29,2
1123,39.130991,27.18383,3
1124,35.459069,43.259516,3
1125,35.460733,43.262676,3
1126,41.75,12.25,1
1127,31.400949,30.414682,2
1128,26,29.8,2
1129,35,19.25,7
1130,31.25,34.75,3
1131,27.181346,31.1825335,2
1132,29.25,30.75,2
1133,29.25,30.9,2
1134,26.25,29.25,2
1135,25.7390994,32.60156076,2
1136,36.35,29.15,3
1137,25,30,2
1138,26.75,29.25,2
1139,26.75,29,2
1141,32.427908,53.688046,3
1142,26,30,2
1143,39.283611,43.371944,4
1144,42.666,25.25,1
1145,31.5202095,34.451719,3
1146,36.1069582726,43.2437443112,3
1147,30.75,30.4,2
1148,34,23,7
1149,30.25,35.5,3
1150,40,34.5,3
1151,35,103,6
1152,33.5,22,3
1153,32.75,36,3
1154,28.75,43,3
1155,24,28,2
1156,25.5,30,2
1157,37.971421,23.726166,1
1158,27.5,28.5,2
1159,29.8717455,31.216001,2
1160,42.93333333,89.16666667,5
1161,37.5,22.5,1
1162,39.25,40.75,4
1163,35.49595,43.269,3
1164,39,33,3
1165,39,35,3
1166,42.25,13,1
1167,36.2132804,39.9982596,3
1168,25.5,29,2
1169,47,20,1
1170,27.5,30.5,2
1171,36.33,36.33,3
1172,26.25,28.75,2
1173,41.011,30,1
1174,40,13,1
1175,27.55,31.0,2
1176,24.103476,32.890414,2
1177,26,30,2
1178,42,12.75,1
1179,49,32,4
1180,37.5,23,1
1181,37.5,22.5,1
1182,42.5,-7.5,1
1183,31.25,34.75,3
1184,37.677026,30.518873,3
1185,41.914,12.512,1
1186,39.6310737661,30.9895776103,3
1187,50.5995,14.9816,1
1188,36.6465219,39.498189,3
1189,38.3403,43.0369,4
1190,35.4590452147,43.2599486915,3
1191,27,28,2
1192,45.3,34.4,4
1193,27.738333,30.704444,2
1194,42.5,87.331111,6
1195,40,-4,1
1196,50,11,1
1197,35.656325,40.744296,3
1198,31.435273,45.973967,3
1199,24,30,2
1200,40.01824972,34.62021474,3
1201,40.01824972,34.62021474,3
1202,37.5,37.75,3
1203,25.721538733,32.6085302358,2
1204,26,30,2
1205,25.5,30,2
1206,35.986842,38.111375,3
1207,27.5,30.704444,2
1208,26.25,28.25,2
1209,24.9795361111,32.8732936296,2
1210,46.5,15.5,1
1211,42,12.75,1
1212,53.7,91.6833,5
1213,41.011,28.97,1
1214,49.751944,6.626667,1
1215,33,42.5,3
1216,29,42.25,3
1217,32.5,44.5,3
1218,30.5723823112,31.5110853352,2
1219,37.5,22,1
1220,35.0413672607,33.2756110602,3
1221,35,19.25,7
1222,29.9758087083,31.1343486917,2
1223,35,19,7
1224,38.0519988333,23.8189911,1
1225,26.233137,50.520036,3
1227,35,17,7
1228,33.242223,35.652834,3
1229,41.011,28.97,1
1230,37.2958505,36.2537475,3
1231,41.75,12,1
1232,31.772695758,35.2355992035,3
1233,34.5,103.5,6
1234,29,42.25,3
1235,34,23,1
1236,41.011,28.97,1
1237,35,19,7
1238,26.75,30,2
1239,36.1069582726,43.2437443112,3
1240,23.9103,35.4737,2
1241,33,23,1
1244,21.5,86.5,7
1253,29.25,42.5,3
1255,36.422473,9,2
1256,34.26,117.21,6
1257,32,45.25,3
1258,32.060569,45.290576,3
1259,52.5,-2.5,1
1328,34.5,18,7
1329,39.5,40.75,4
1330,34.0695116,35.6574705,3
1333,40.037,94.75,6
1334,40.037222,94.804167,6
1346,40.037222,94.804167,6
1347,39.75,95,6
1348,40,95,6
1349,40,94.75,6
1373,35,19,7
1374,26.76,30.78,2
1375,24.6954596317,84.9914415295,6
1376,35,85,6
1377,22.5,77.5,6
1378,41.25,21.75,1
1379,35,103,6
1380,0,129,6
1381,35,103,6
1382,34.5,102.5,6
1383,34,103,6
1384,33.5,102,6
1385,34.5,104,6
1386,41.011,29.75,1
1387,34,22.5,3
1388,37.9765256666,23.7255156587,1
1389,33.5,22,3
1390,42.666,25.25,1
1391,37.0415464154,25.1395123769,1
1392,31.5,45.5,3
1393,37.53,22.5,1
1394,31.25,34.75,3
1395,36.5801979293,17.1153617347,3
1396,31,34.5,3
1397,41.162345,42.279953,4
1398,34,44.5,3
1399,29.9988735,52.4093395,3
1400,34,103,6
1401,38.5,41,3
1402,39.15,41.25,3
1403,35.7990446787,36.7983658027,3
1404,31,35.25,3
1405,33,36,3
1406,30,35.5,3
1407,28.75,43,3
1408,32.060569,45.290576,3
1409,41.011,29.25,1
1410,25,32.85,2
1411,24.9795361111,32.8732936296,2
1412,24.97953,32.873294,2
1413,24.9795361111,32.8732936296,2
1414,35.372217,44.214365,3
1415,31.25,34.75,3
1419,26,30,3
1420,23,29,2
1421,27.8,30.79,2
1422,27.9,30.81,2
1423,26,30.25,2
1424,26.557222,34.036389,2
1425,25,27,2
1426,25.5,29.75,2
1428,25.6674996828,28.8688762215,2
1429,26,30,2
1430,33,42.5,3
1433,42.23135,-8.712432,1
1434,26,30,3
1435,25.5967488622,30.7304634591,2
1436,31.5,35.25,3
1438,31.5,49.5,3
1441,22.5,87.5,6
1442,29,43,3
1443,50.5,58.5,7
1444,35,19,7
1445,18.216667,30.75,2
1446,24,30,1
1447,32.5,44.5,3
1448,36.882478,7.751272,2
1449,35,38,3
1450,26,30,2
1451,25.6,30,2
1452,36.5801979293,17.1153617347,7
1453,25,28,2
1459,35,19,7
1461,36,104,6
1462,36.16,39.38,3
1463,32.126944,45.230833,3
1464,28.75,42.75,3
1465,31.786736,35.801042,3
1466,39.75,32.75,3
1467,27.78,30.81,2
1474,25.5,28.25,2
1475,25.550269,32.508054,2
1477,29,42.25,3
1478,13.4124738681,103.866878386,6
1480,34,104,6
1481,30.3383,42.4989,3
1482,36.9644503333,35.61627,3
1483,20.5,78.5,6
1484,29.3,42.5,1
1485,32.1887935,48.2537285,3
1486,40.0,-5.0,1
1487,32.5,7.5,2
1488,29.3,42.5,3
1489,35,19,7
1490,37.5,22.5,1
1491,20.75,78,6
1492,27,30,2
1501,39.3,34.7,3
1502,37.4202265076,25.8990768471,1
1503,25.5,28,2
1504,26,30,2
1505,39.6310737661,30.9895776103,3
1506,33,23,1
1507,28,43,3
1508,35.601632,35.783040,3
1509,34,115,6
1510,34,44,3
1511,37.038339,27.423639,3
1512,50.5,58.5,4
1513,51,55,4
1514,28.542574,30.65172,1
1515,37,22.5,1
1516,31.25,34.75,3
1517,35,102,6
1518,56.0,3.0,1
1519,52.5,7.5,1
1522,32.44,53.7,3
1523,31,35,3
1524,31.25,35,3
1525,31.5,35,3
1526,36.84837212,10.32340778,2
1527,32.6169704024,34.9165259986,3
1528,32.6169704024,34.9165259986,3
1529,30.64195,34.438189,2
1530,32.8053014,12.48430055,2
1531,30.328611,35.441944,3
1532,32.1595828,34.7971931,3
1533,34.572648,36.54147,3
1534,36.364184,40.78481,3
1535,32.137785,35.581186,3
1536,36.129615,54.370446,3
1537,31.7774646,35.23474835,3
1538,31.75,35.1,3
1539,31.7774646,35.23474835,3
1540,36.33,36.33,3
1541,52.5834706266,1.29100306221,1
1542,52.032168,-1.940915,1
1543,41.00746276,28.96060984,1
1544,30.75,34.5,3
1545,26,28,2
1546,36.20138,36.161749,3
1547,42.4209095298,11.7542277484,1
1548,30.3383,42.4989,3
1549,38.186619,58.477309,5
1550,30.0,31.266667,2
1551,31,35.75,3
1552,30.3383,42.4989,3
1559,31.25,34.75,3
1560,37.7773500314,41.0136675637,3
1561,37.4202265076,25.8990768471,1
1562,34,23,3
1564,29.433698,48.274487,3
1565,29.431783,48.279099,3
1566,33,102.5,6
1567,30.3383,42.4989,3
1568,31.25,34.75,3
1569,31,34.5,3
1580,35,103,6
1581,29.3,42.5,3
1582,41.75,12.25,1
1583,34,44.5,3
1585,26,30,2
1586,35,19,7
1587,25.727772,32.610244,2
1589,31.87,35.21,3
1590,33,44,3
1591,34,43.5,3
1597,38.6703265,26.754884,3
1598,34,18.75,7
1600,30,42,3
1602,37.163626,69.411854,5
1603,34.1192635,35.646289,3
1604,41.75,12.65,1
1605,37.7930956667,29.2580716667,1
1606,36.5801979293,17.1153617347,1
1609,45.57717715,2.75,1
1610,30.25,35.25,3
1611,38.48,67.73702375,5
1612,36.5801979293,17.1153617347,1
1613,24,28,2
1614,25,29,2
1615,29,42.75,3
1616,31.6659785,34.545947,3
1617,37.4202265076,25.8990768471,1
1618,34,44,3
1619,30,35,3
1620,37.75,25.8990768471,1
1621,37.4202265076,25.8990768471,1
1622,36.3,38.2,3
1623,41.00746276,28.96060984,1
1624,43.2319372075,-6.59639050861,1
1625,35.25,19,7
1626,33,42,3
1627,31.5,35,3
1628,35.2,38.2,3
1629,34.5,103,6
1630,32.5,37.5,3
1631,35,100.5,6
1632,29.8717455,31.216001,2
1634,33,42,3
1636,30.005783,31.2301075,2
1638,39.75,32.75,3
1639,39.13153246,27.18422554,1
1640,31.25,34.75,3
1641,50.626011,6.783363,1
1642,37.5,22.5,1
1643,22.75,87.5,6
1644,32.5,72.5,5
1645,32.5,72.5,6
1646,21,78,6
1659,23,29,2
1660,35.8897,23.3078,1
1662,34.5,18.5,7
1663,35.75,103.5,6
1664,35.376728,44.213813,3
1665,35.379768,44.205361,3
1666,31.25,35.25,3
1667,31.25,34.75,3
1669,46.5,104.5,5
1670,39.283611,43.371944,4
1671,31.25,34.75,3
1673,35,19,7
1674,37.05,25.49,1
1675,34.5,18.75,7
1676,42,43.5,4
1677,42.5,42.5,4
1678,39.5,31.5,3
1681,41.011,29.75,1
1682,39.25,30.9895776103,3
1683,41.89,12.5,1
1684,28.75,42.75,3
1685,32.6030486,35.5557941,3
1686,31.7774646,35.23474835,3
1687,31.866353,34.920181,3
1688,40.8768968,29.0832149,1
1689,29.9758087083,31.1343486917,2
1690,42,12.25,1
1691,36.5801979293,17.1153617347,1
1692,34.25,44,3
1693,37.5,37.75,3
1694,21.166667,94.866667,6
1696,37.056944,40.997222,3
1697,29,42,3
1698,25.5,29.25,2
1700,33,101.5,6
1701,49,32,4
1702,49,44,4
1703,36,43.3,3
1707,39.650103,31.97857,3
1715,27.5,29,2
1716,36.099167,43.3275,3
1717,25.7342620573,32.6114541611,2
1718,25.996402,32.815787,2
1719,46.94724,4.2991775,1
1720,38.419397,27.139298,1
1722,26.5,28.5,2
1723,29.75,31.1,2
1724,26.5,30,2
1725,36,43.25,3
1726,51.7430001,-1.4198290,1
1727,21,78,6
1728,41.005833,28.977222,1
1729,30.3383,42.4989,3
1730,37.25,22.5,1
1731,31.5,54,3
1732,31.6657842,35.24175085,3
1733,26.809167,33.486944,2
1734,37.25,22.5,1
1740,37.4224562877,25.8829628236,1
1741,30.75,35.25,3
1742,39.5,13,1
1743,41,12.5,1
1744,37.5,22.5,1
1745,37.5,22.5,1
1746,37.25,22.5,1
1747,37.5,26,1
1748,37.25,22.5,1
1749,25,29,2
1750,42.25,13,1
1751,45.35,36.65,1
1752,37.5,22.5,1
1754,26,30,2
1755,26,30.25,2
1756,26,30,2
1757,26,30,1
1758,37.65,22,1
1760,41.013229,82.688178,5
1761,29.8717455,31.216001,2
1775,p,,3
1776,35,19,7
1778,13.25,103.75,6
1779,13.433333,103.833333,6
1780,47.1149830333,15.0772312333,1
1782,38.971364,45.587575,4
1789,31.25,34.75,3
1790,28.75,42,3
1791,36.16,39.36,3
1792,33,33,7
1799,36.4,118.4,6
1800,37.003386,45.492716,3
1801,34.5,102.5,6
1802,35,101,6
1807,35,103,6
1814,33.5,104.5,6
1824,35,102.5,6
1830,35.25,19.25,7
1831,28.75,42.75,3
1832,36.5801979293,17.1153617347,1
1833,41.9,12.5,1
1834,34.0077,71.5583,5
1835,41.9,12.75,1
1836,26,30,2
1837,23,29,2
1838,36.5801979293,17.1153617347,3
1839,38.849078,35.632229,3
1840,32.276258,35.188835,3
1841,35.587884,42.718342,3
1842,40.01824972,34.62021474,3
1843,40.01824972,34.62021474,3
1844,30.3383,42.4989,3
1845,29.253514,30.895832,2
1847,33.017462128,35.568137176,3
1851,25,28,2
1852,33.8217336333,42.2780920167,3
1853,40.75,29,1
1857,37,22,1
1859,32.5,44.4,3
1860,37.25,22.5,1
1862,13.43333,103.8333,6
1863,37.9765256666,23.7255156587,1
1864,35.21,24.91,1
1865,44.869567,13.841124,1
1867,38.5178164,28.1112899,3
1868,31.1982456667,29.9079146667,2
1869,34,44,3
1870,29.5,42,3
1871,41.9,13,1
1873,37.4202265076,25.75,1
1874,37.5,22.5,1
1875,42.5,27.5,1
1876,40,35.15,3
1877,40.01824972,34.62021474,3
1878,40.01824972,34.75,3
1879,40.015668,34.621293,3
1880,40.01824972,34.62021474,3
1881,38.8,34,3
1882,40.10,35.25,3
1883,40.01824972,34.62021474,3
1884,38.8,34,3
1885,38.8,34.2,3
1886,38.8,34,3
1887,39.283611,43.371944,3
1888,38,29.12,3
1889,38,29.25,3
1890,25.5,30,2
1891,39.6310737661,30.9895776103,3
1893,33.3,35.7,3
1894,36.844,27.17,1
1895,36.5801979293,17.1153617347,1
1896,37.1625575,38.781432,3
1897,42,43.5,4
1898,34,23,1
1899,35,19,1
1900,41.011,29.5,1
1901,50,11,1
1902,35,38.25,3
1903,33,33,1
1904,42.5,42.75,4
1905,34,22.5,3
1906,13,105,6
1907,33.5,23,1
1908,35.602208,35.785680,3
1909,41.011,28.97,1
1910,30.25,35.25,3
1911,35.5,51.5,3
1912,37.4202265076,25.8990768471,1
1913,45.450688,68.831901,5
1914,22,96,6
1915,46.433,68.466,5
1916,26,30,2
1917,26.25,29,2
1919,46.433,68.466,5
1920,40,45,4
1921,33,65,5
1922,35,102.75,6
1923,41.9,12.5,1
1924,41.8917375,12.4861685,1
1925,35,103,6
1926,31.25,34.75,3
1927,25.5,28.25,2
1928,31,35,3
1929,36.5801979293,17.1153617347,3
1930,32.5,44.75,3
1931,38.8,34,3
1932,38.8,34,3
1933,38.8,34,3
1934,38.8,34,3
1935,40.01824972,34.62021474,3
1936,38.8,34,3
1937,38.8,34,3
1939,36.6625,38.0753,3
1940,33.75,23,1
1941,30.25,34.75,1
1942,22.75,87.25,6
1943,24.854422,79.921427,6
1944,39.9005503103,26.3312408288,3
1945,39.379367,46.250031,4
1946,35,19.25,7
1948,25,30,2
1949,40.5198717106,43.6291175245,4
1950,40.667513,36.578221,3
1951,35.5,19.75,7
1952,31.25,35.75,3
1954,34,43.75,3
1955,40.74941,14.485429,1
1956,26.2,30,2
1957,34.52908255,44.7946782967,3
1958,36.5801979293,17.1153617347,3
1959,46.433,68.466,5
1960,27.5,29.5,2
1961,12.97,77.5,6
1964,34.25,103.25,6
1965,29.3,42.25,3
1968,37.5,22.5,1
1969,35,19,7
1970,29.9569587,35.328326975,3
1974,37.5,62.5,6
1976,41.8917375,12.4861685,2
1977,32,53,5
1978,30,34.5,3
1980,30,34.25,3
1982,24,29,2
1983,31,35,3
1984,31.25,34.5,3
1985,44.415718,12.196604,1
1986,44.415718,12.196604,1
1987,44.420563,12.196399,1
1988,24,28,2
1989,25.369659,32.473946,2
1990,25,31,2
1991,45,40.01,4
1993,55.333,51,4
1994,35.25,19.25,3
1995,21,77.5,6
1996,37.0675116667,41.2154466667,3
1997,39.283611,43.371944,4
1998,33,42,3
1999,37,37,3
2001,36.5801979293,17.1153617347,7
2002,37.922558,29.1246985,3
2003,31.499159,35.780512,3
2004,40.74493,22.978076,1
2005,33.5,22.5,1
2006,37.9269226675,29.1265289924,3
2007,37.163626,69.411854,5
2008,26,30,2
2009,41.754855,12.287656,1
2010,29.25,42.5,3
2011,40.15,94.6,6
2012,24,29,2
2014,35,18.5,1
2015,25.5,28,2
2016,41.5,12.5,1
2017,35,103,6
2018,41.011,30,1
2019,25.5,28.25,2
2020,34.5,103.25,6
2021,36.73,42.33,3
2022,35,103,6
2023,35.21,25.25,1
2024,30.3383,42.4989,3
2025,42,12,1
2026,31.25,34.75,3
2027,32.4,53.6,3
2028,35,18.25,7
2029,32.0872236,36.0707917,3
2030,34.5,102,6
2031,31.7782502,35.2353407,3
2032,29,43,3
2033,40.381111,33.535278,3
2034,21,78.5,6
2035,21,78,6
2036,20.5,77.5,6
2037,21,77.75,5
2038,32.5,72.5,5
2039,20.5,78,1
2040,30.6288608921,72.8654005075,6
2041,34.5,19,7
2043,39.283611,43.371944,3
2044,40,34.5,3
2045,31.25,34.75,3
2046,39.6310737661,31.75,3
2047,42.75,25.5,1
2048,42.75,25.5,1
2049,37.5384292884,14.0815165783,1
2050,42.5,22.5,1
2051,22,34,2
2052,31.951644,45.628335,3
2053,32.2526542346,45.054494428,3
2054,31.75,54.5,5
2055,42,12.5,1
2057,35,19,7
2058,46.75,68.831901,5
2059,41.75,12,1
2060,35.21,24.91,1
2061,24,30,2
2062,34.5,102,6
2063,35,19,7
2064,42.5,42.5,4
2065,30.3383,42.4989,3
2066,31.5,35.75,3
2067,37.5,38.75,3
2068,34.55139575,38.2667172,3
2069,29.25,43,3
2070,36.5801979293,17.1153617347,3
2071,21,78,6
2072,40.761,29.5,1
2073,32,54,3
2075,32,54,3
2076,32,54.5,3
2077,32,54.5,3
2078,32,56,3
2079,49.5,4.666667,1
2080,51.986,-2.136,1
2081,34,44,3
2082,31.435273,46.25,3
2083,31.25,34.25,3
2084,31.25,34.5,3
2085,30.75,34.75,3
2086,37.5,25.75,1
2098,29,42.5,3
2099,28,42.5,3
2100,29.38,42.42,3
2101,45.450688,68.831901,5
2102,29,42.5,3
2103,30.25,35,3
2104,31.25,34.75,3
2105,31.5,35,3
2106,32.276529,35.190436,3
2108,41.00746276,28.96060984,3
2109,40.01824972,34.62021474,3
2110,37.9158035,22.9931345,1
2142,42.5,12.5,1
2144,36.422473,9.2188665,2
2145,28.75,42.75,3
2146,33.25,35.25,3
2153,36.099167,43.3275,3
2154,36.0990738405,43.3275427602,3
2155,31.1982456667,29.9079146667,2
2163,29,42.5,3
2164,29,42.25,3
2165,32.066667,34.783333,3
2166,30.3383,42.4989,3
2167,33,42,3
2168,31.25,34.75,3
2169,30.5,35.75,3
2170,30.75,35.75,3
2171,30.3383,42.4989,3
2172,31.864258,35.434009,3
2173,31.7774646,35.23474835,3
2174,31.7774646,35.23474835,3
2175,31.7774646,35.23474835,3
2176,31.7774646,35.23474835,3
2177,31.7774646,35.23474835,3
2178,31.7782502,35.25,3
2179,29,42,3
2180,38.25,28.040286,3
2181,35.25,19.25,7
2182,35,19,7
2183,25.5,29.5,2
2184,31.7774646,35.23474835,3
2185,36.6764705882,40.1470588235,3
2210,39.5,36,3
2211,33,33,1
2212,31.24,36.51,3
2213,34,44.25,2
2214,33,44,3
2215,34,43.8,3
2216,39.283611,43.371944,4
2217,28.75,42,3
2218,45.2,68.831901,5
2219,45.45,68.85,5
2220,35.5,19.25,7
2222,41.8917375,12.4861685,1
2223,25,28,2
2224,25,30,2
2225,26,30,2
2226,39.283611,43.371944,4
2229,31.928333,35.238333,3
2230,31.928333,35.238333,3
2231,31.25,34.75,3
2233,47,33,4
2234,47,33.25,4
2235,27,28,2
2242,34.521818,69.18024,5
2245,41.00746276,28.96060984,1
2246,15,48,3
2259,37.5,37.5,3
2261,29.5164395,30.897603,2
2263,37.2958505,36.2537475,3
2268,24,28,2
2270,32.110517,35.551309,3
2276,29,42.25,3
2277,35.521389,43.236332,3
2278,35.521389,43.236332,3
2279,40,35,3
2280,40,35.25,3
2281,40.01824972,34.62021474,3
2282,37.8832946667,22.9896923333,1
2285,35.381241,44.208201,3
2287,29.230338,50.30604,3
2291,31.5567884377,35.7714420976,3
2292,32.0872236,36.0707917,3
2293,13.433333,103.833333,6
2294,13,105,6
2306,37.5,32.5,3
2311,49.25,43.25,4
2312,38.488314,28.040286,3
2314,37,43,4
2315,36.84837212,10.32340778,2
2316,34.924904,33.631108,3
2317,34.924904,33.631108,3
2318,36.731977,29.867485,3
2320,39.5,31,3
2321,35.93,42.46,3
2322,27.738333,30.5,2
2328,49,32.5,4
2331,24,29,2
2332,23,29,2
2333,25,30,2
2334,30.795055,30.600505,2
2335,35.017004,24.765797,1
2336,26,30.25,2
2341,26.75,29.75,2
2342,25,30,2
2343,25.5,28.5,2
2344,26,30,2
2345,27.8,30.77,2
2347,38.636943,39.536570,3
2354,35.21,24.91,1
2378,38.849078,35.632229,3
2379,38.75,35.5,3
2380,38.85,35.75,3
2381,41.75,12.25,1
2382,35.2,19.3,7
2383,36.2617946667,29.314501,3
2385,40.0718920039,8.90091179614,1
2386,32,56,3
2387,30.193056,34.421111,2
2390,43.733333,44.7,4
2410,26.75,29.5,2
2411,27.483527,77.678846,6
2413,37.5,22.5,1
2414,35.0413672607,33.2756110602,1
2415,27.398966,79.293544,6
2416,35.75,104,6
2417,37.5,41.5,3
2418,29.5,42.75,1
2419,39.6310737661,30.9895776103,3
2420,34.75,19,1
2421,33,36,3
2422,40.50925605,43.5705453,4
2423,39.75,40.75,4
2424,32.5,101.5,6
2425,33,65.5,5
2426,32,72.5,5
2427,18,102,6
2428,41.011,28.97,1
2429,50,10,1
2430,45.42,68.88,5
2431,32.5,44.5,3
2432,37.25,37.25,3
2433,38.5,57.5,3
2434,14.125005,38.721522,2
2435,41.8917375,12.4861685,1
2436,38.846442875,26.95080175,3
2437,34.5,41,3
2438,41.9,12.5,1
2439,42.4209095298,11.7542277484,1
2440,31.25,34.75,3
2441,37.25,22.5,1
2442,24,30,1
2443,41.25,21.85,1
2444,33,33,1
2445,26.25,30,2
2446,32,56,3
2447,20.5,78,6
2448,18,102,6
2449,29,43.25,3
2450,35.8617,56.84,3
2451,40.0718920039,8.90091179614,1
2452,45.5,13.5,1
2453,45.814417,35.862586,4
2454,46.25,28.5,4
2455,50,11,1
2456,37.5,38.75,3
2457,37,38.75,3
2458,34,44,3
2459,38.3466880333,23.1846775333,1
2460,41.75,12.5,1
2461,38,37.5,3
2462,37.5,37.5,3
2463,40.6013491238,43.1040302701,3
2464,41.526084,2.393392,1
2465,42.4209095298,11.7542277484,1
2466,36.84837212,10.32340778,2
2467,39.5232397778,16.71231,1
2468,32,54,3
2469,33,23,3
2470,41.011,29.25,3
2471,42.5,12.5,1
2472,41.900850,12.479977,1
2473,36.25,36.25,3
2474,37.922558,29.1246985,3
2475,31.1982456667,29.9079146667,2
2476,41.9,12.5,1
2477,28.75,42,3
2478,45.57717715,2.49095881905,1
2479,34,23.4,7
2480,36.5801979293,17.1153617347,7
2481,35,19,7
2482,35.8617,56.84,3
2483,31.1982456667,29.9079146667,2
2484,29.107063,30.762808,2
2485,29,42.75,3
2486,37.5,22.5,1
2487,34.6,46.08,3
2488,40.761,29.25,1
2489,37.5,38.75,3
2490,36.5801979293,17.1153617347,1
2491,42.261111,44.121111,4
2492,34,44,3
2493,33.75,43.5,3
2494,38.8,34,3
2495,32.25,53,3
2496,26.225662,50.495369,3
2497,42.1024003333,9.511828,1
2498,35.596243,10.0569,2
2499,40.761,29.25,1
2500,33.25,35.25,3
2501,41.011,29.25,1
2502,42.5,12.5,1
2503,41.25,14.25,1
2504,29,42.25,3
2505,37.5,22.5,1
2506,50.5,59,4
2507,41,85,5
2508,40.01824972,34.62021474,3
2509,29.453786,31.08033,2
2510,34.2,44.4,3
2511,43.0786852,34.7425505,3
2512,45.2333,10.9667,1
2513,34,44,3
2514,37.929573,29.12325,3
2515,25.728284,32.601357,2
2516,25.7390994,32.60156076,2
2517,34,44.25,3
2518,35.602208,35.785680,3
2519,50.2977855,3.792415,1
2520,41.0197239167,31.5016350833,3
2521,40.753694,14.477444,1
2522,41.75,12,1
2523,41.9,12.52,1
2524,42.144689,0.287408,1
2525,34.17,77.58,6
2526,31.382916,34.866021,3
2527,31.382916,34.866021,3
2529,32.25,44.75,3
2530,47.4776041,8.2167629,1
2531,24.9795361111,32.8732936296,2
2532,34.75,33.0,3
2533,32.276529,35.190436,3
2534,41.297085,45.01507,4
2535,39.5771060055,20.589832047,1
2536,53.826,-1.75,1
2537,34.75,19.5,7
2538,43.58,43.45,4
2539,35.75,103.25,6
2540,29,42.25,3
2541,27.5,42.5,3
2542,37.8360176667,29.1078183333,3
2544,30.5953354,61.3262183,3
2545,35.350592,33.202109,1
2546,38.689068,27.033411,3
2547,56.2,15.016,1
2548,32.542956,44.4260235,3
2549,32.5,44.5,3
2550,25,31,2
2551,35.833,10.333,1
2552,41.9,12.5,1
2553,42,12,1
2554,44.75,2.45,1
2555,35.986842,38.111375,3
2556,42.5,12.5,1
2557,37.922558,29.1246985,3
2558,13.43333,103.8333,6
2559,32.1887935,48.2537285,3
2560,28.548383,33.9767755,3
2561,33.88,49.6,3
2562,42,43.5,4
2563,29.3,42.5,3
2564,31.2,30,1
2565,41.8394835,12.8923075,1
2566,25.6886038,32.64100155,2
2567,34,44,3
2568,42.4395125,3.1766232,1
2569,40.761,30,3
2570,29.25,30.75,2
2571,45.25,2.49095881905,1
2572,35.7990446787,36.7983658027,3
2573,34.2,43.9,3
2574,37.75,38.75,3
2575,29,42,3
2576,26,30,2
2577,37.5,38,4
2578,25.8,29.9,1
2579,25.725349,30.55028,2
2580,33.25,35.25,3
2581,41.9,12.25,1
2582,35.0854115232,40.3969431061,3
2583,37.333333,41.166667,3
2584,35,38,3
2585,34,43.5,3
2586,30.3383,42.4989,3
2587,29,42,3
2588,25.727772,32.610244,2
2589,41.00746276,28.96060984,3
2590,37.2528977769,22.3127526885,1
2591,22.336992,31.625543,2
2592,42,2,1
2593,47.85,5.75,1
2594,38.0891313333,13.5300170667,1
2595,25.5,30,2
2596,37.5,32.5,4
2597,26.75,28.5,2
2598,36.8409911,10.3230409,2
2599,39.166403,8.528911,1
2600,27.8,30.85,2
2601,31.951644,45.628335,3
2602,52.5,-2.5,1
2603,40.5,29,1
2604,27.738333,30.704444,2
2605,36.8409911,10.3230409,2
2606,41.011,28.97,1
2607,42.504858,24.188583,1
2608,25,28,2
2609,45.762095775,4.822438025,1
2610,39.5,13.5,1
2611,26.25,29.75,2
2612,38.411782,23.682171,1
2613,39.656498,66.947223,5
2614,26,30,2
2616,37.55060395,22.7174819,1
2617,37.906033,22.879189,1
2618,44.5,44.5,4
2619,35.5,38,3
2620,34.821,67.827,5
2621,39.283611,43.371944,1
2622,25.29342565,32.55621905,2
2623,36.2569908298,42.4500569089,3
2624,28.179351,30.781752,2
2625,28.75,42.75,3
2626,31.609423,67.838289,5
2627,40.683333,24.65,1
2628,29.3,42.5,3
2629,48.8511447,2.347028375,1
2630,39.75,22.25,1
2631,29,42,3
2633,50.5,58.5,6
2634,35,19,4
2635,29.3,42.5,3
2636,35.602208,35.785680,3
2637,37.5,38.75,3
2638,30.3383,42.4989,3
2639,42.4209095298,12,1
2640,45.57717715,2.49095881905,1
2641,42.5,12.5,1
2642,32.2871958765,35.337892338,3
2643,45.57717715,2.49095881905,1
2644,45.57717715,2.49095881905,1
2645,31.585552,35.374098,3
2646,36.5,35.5,3
2647,47,2,1
2648,25.29342565,32.55621905,2
2649,24.0608749144,32.8712221057,2
2650,24,29,2
2651,36.857393,38.385227,3
2652,28,16,3
2653,26,30,2
2654,41.011,28.97,1
2655,31,54,3
2656,41.715556,82.932222,6
2657,36.14,39.37,3
2658,34.5,101,6
2659,45.227773,13.5944693333,1
2661,34.65,40.89,3
2662,36.165600,37.435920,3
2663,16.366667,107.833333,6
2664,35,19,7
2665,26,30,2
2666,28.8917189037,32.6582534025,2
2667,25.6760290667,32.6339435,2
2668,28.8469762,32.55089655,2
2669,36.84837212,10.32340778,3
2670,29.5,42.5,3
2671,29.6,42.25,3
2672,42,43.5,4
2673,45,23,1
2674,33.783333,10.883333,2
2675,26,29,2
2676,29.8717455,31.216001,2
2677,29.966486,52.887043,3
2678,35.0413672607,33.2756110602,3
2679,24.9795361111,32.8732936296,2
2680,32.5,44.5,3
2681,32,53.25,3
2682,42.7752864,15.885196,1
2683,41.011,29.75,3
2684,35,38,3
2685,49,43,4
2686,25,31,2
2687,27.8,30.83,2
2688,32.5,44.25,3
2692,39.466667,75.983333,5
2693,33.094703,44.5812226667,3
2694,34.5,40.95,3
2695,40.2,26.4,1
2696,41.00746276,28.96060984,1
2697,33.5,23,1
2698,41.8917375,12.4861685,1
2699,35.521389,43.5,3
2701,34.75,102.5,6
2703,33.5,103.5,6
2712,25,30,2
2714,29.6,42.5,3
2715,39.5,76,5
2716,38.8,34.5,3
2717,29,43,3
2718,41.011,29.25,1
2719,26,30,2
2721,39,35,3
2724,26.25,28.75,2
2725,25,28,2
2726,26,30,2
2731,37,41.15,3
2732,26.25,28.25,2
2733,35,38,3
2739,42,43.5,4
2740,41.75,12.25,1
2741,33.5,22.5,3
2745,37.5,27.5,3
2746,36.5801979293,17.1153617347,1
2747,31.4326732,35.3429429,3
2748,35.157167,33.347297,3
2749,28.542574,30.65172,2
2750,32,54.25,3
2756,52.5647734743,-0.293694419533,1
2757,42.75,87.331111,6
2758,29,43,3
2759,32,54.5,3
2760,45.2782379729,13.5996312277,1
2761,33,44,3
2764,38,39,3
2766,41.75,12,1
2768,34.25,44.25,3
2776,33.4871,48.3538,3
2779,42,12,1
2781,38.7,28.040286,3
2782,36.5136883333,29.1296185,3
2783,36.25,29.45,3
2784,36.5136883333,29.1296185,3
2785,29.3,42.1,3
2786,26,29.6,2
2787,33.5,48.25,3
2789,34.352222,106.002778,6
2790,34.3,106.05,6
2792,31.25,35,3
2793,35.87373581,14.44874427,1
2794,31.5,54.25,3
2795,28.75,42.75,3
2796,37,35.5,3
2797,35,19,7
2798,29,42,3
2799,35,18.5,7
2800,39.283611,43.371944,4
2801,39.283611,43,4
2806,37.975,23.7225,1
2807,43.681111,87.331111,6
2808,34.2999999999,40.5,3
2809,34.2999999999,40.5,3
2810,34.5523591,40.8843621,3
2811,35,38,3
2812,35,19.5,7
2813,36.5801979293,17.1153617347,1
2814,33,34,1
2815,33,36,3
2817,54.720887,-3.49391,1
2818,31.31904988,35.35230084,3
2819,31.31904988,35.35230084,3
2820,40.1484629,35.7633615,3
2821,40,13.5,1
2824,34,116,6
2825,37.25,22.75,1
2826,20,78,6
2827,27.483527,77.678846,6
2828,34,116,6
2829,35,101,6
2830,42,12.25,1
2831,41.8917375,13,1
2832,31.1,35.2,3
2833,36.20138,36.161749,3
2834,39.5,40.5,4
2854,35.5,103.25,6
2855,26,30.5,2
2856,25,30,2
2857,29,42,3
2858,25.7200144111,32.5998824787,2
2859,36.5801979293,17.1153617347,1
2860,34,23,7
2861,-20.0,80.0,7
2862,31.24,36.51,3
2863,37.203717,15.181777,1
2866,35,19,7
2870,39.13153246,27.18422554,3
2871,25.5,29.75,1
2872,29.25,43,3
2873,35,38,3
2874,33.8217336333,42.2780920167,3
2875,40.761,29.25,1
2876,41.75,25.75,1
2877,36.5801979293,17.1153617347,1
2878,29.107063,30.762808,2
2881,26.0495,32.2414,2
2885,30.320144,30.850410,2
2886,33.75,44,3
2887,34,44.75,3
2888,37.5,39.5,3
2889,34,44,3
2890,33,44,3
2891,34,44,3
2892,34,44,3
2893,34.2,44.2,3
2894,34,44,3
2898,37.5,67.5,5
2900,29.25,42.55,3
2910,25,28,2
2911,25.5,29.75,2
2912,29.1,42.5,3
2913,25.5,29.75,2
2914,26,30,2
2915,24,29,2
2916,33.8217336333,42.2780920167,3
2917,29.761686,34.963689,3
2919,35.25,19.75,1
2920,34.914611,136.022889,6
2921,33.5,22,3
2922,37.52157586,27.27770558,1
2923,35.5,103.75,6
2924,42.25,12.25,1
2925,28.75,42,3
2929,35.25,103.5,6
2930,29.761686,34.963689,3
2931,35.21,24.91,1
2932,32.501706,35.502531,3
2936,35.75,36.75,3
2937,28.75,42.5,3
2938,35.7990446787,36.7983658027,3
2939,35.75,36.25,3
2940,41.9,12.5,3
2942,29.3,42.5,3
2943,30.3383,42.4989,3
2944,29,42,3
2945,28.75,42.5,3
2946,39.75,67,5
2952,36.5801979293,17.1153617347,1
2953,35,38,3
2954,26,30,2
2956,34.75,101.5,6
2957,41.75,12.75,1
2958,42.25,11.75,1
2959,46,105,5
2966,39.466667,75.983333,6
2967,35.25,19,1
2968,36.25,17.25,1
2969,36.1069582726,43,3
2970,36.1069582726,43.2437443112,3
2971,31,30,3
2972,52.542447,-0.281473,1
2973,36.1069582726,43.5,3
2974,47.5,30,3
2975,34.5,102.5,6
2976,42.5,12.5,1
2977,37.6662575,62.1926395,5
2978,42.22,43.53,4
2979,41.5,12,1
2980,41.00746276,28.7,3
2981,41.9,12.5,3
2983,37.8680905,12.4696985,1
2984,37.6,12.4696985,1
2985,35.8572581,44.7915335,3
2986,40.0,-5.0,1
2987,36.25,9.2188665,2
2988,38.849078,35.632229,3
2989,42.25,12.75,1
2990,37.8680905,12.4696985,1
2991,37.8680905,12.4696985,1
2992,37.8680905,12.4696985,1
2993,37.8680905,12.4696985,1
2994,37.8680905,12.4696985,1
2995,38,12.4696985,1
2996,45.489751,41.367597,4
2998,34,44,3
3000,33.75,23,7
3001,20.5,78,6
3002,52.520556,13.292222,7
3003,16.059894,108.222641,6
3004,34,23,3
3005,39.283611,43.371944,4
3006,37.73036675,22.75557475,1
3007,37.4170436,27.8199525,3
3008,40.25,27.75,3
3009,37.5,22.5,1
3010,41,15.5,1
3011,50,50,7
3012,30.3383,42.4989,3
3013,35,19,7
3017,23,46,3
3018,29.25,33.25,3
3020,26.366667,31.9,2
3022,35.25,19.25,7
3023,40.4637,49.9576,4
3028,32.126944,45.230833,3
3037,25,28,3
3047,37.5,22.5,1
3048,21,77.5,6
3050,30,42.5,3
3051,29.3,42.5,1
3054,36.1069582726,43.2437443112,3
3055,35.521389,43.236332,3
3056,36.2082486375,40.7204182549,3
3057,32.5,44.5,3
3058,33.5,44,3
3059,33,44,3
3060,32.4,44.7,3
3061,32.063217,45.285711,3
3062,36.63852585,22.38236945,1
3063,31.75,34.45,3
3064,50,11.5,1
3065,28.166667,84.25,6
3066,33.75,44.25,3
3067,36.914956,34.898228,3
3068,35.5,43.25,3
3069,35.521389,43.236332,3
3070,40.01824972,34.62021474,3
3071,19.2114087667,30.5673296333,2
3072,39.6310737661,30.9895776103,3
3073,34,22.25,2
3074,45.762095775,4.822438025,1
3075,31.741828,35.459407,3
3076,30.6667,35.3667,3
3077,36.5801979293,17.1153617347,1
3078,38.2419844,27.922124025,3
3079,40,34.5,3
3080,33,33,7
3081,33.75,44,3
3085,39.01310635,20.7321814667,3
3086,36.356272,43.145852,3
3087,32.126944,45.230833,3
3088,38,58,5
3089,38.082463,58.269505,5
3090,36.202448,58.798373,3
3095,34,44,3
3097,34.65,41.15,3
3098,50.5,58,5
3099,50.5,58.5,4
3100,37.642472,40.909341,3
3101,40.86,15.75,1
3102,25.5967547643,30.7304627764,2
3103,31.928333,35.238333,1
3104,31.777972,35.235806,3
3105,31.25,54.25,3
3106,29,42.5,3
3111,36.5801979293,17.1153617347,3
3119,41.75,12.5,1
3120,37.5,37.5,3
3121,37.25,22.25,1
3122,37.922558,29.1246985,3
3123,34.379879,48.638629,3
3124,34.379879,48.638629,3
3125,41.00746276,28.96060984,1
3127,29,42.75,3
3128,34.9222395,40.5689325,3
3130,36.75,10.25,2
3146,34,22.5,1
3147,31.5202095,34.451719,3
3154,46.691895,32,4
3155,35.521389,43.236332,3
3156,38.85006045,35.63763255,3
3157,32.5,44.6,3
3158,32.3,44.4,3
3159,31.285833,45.853611,3
3160,32.555123,44.660806,3
3161,31.285833,45.853611,3
3162,35.7990446787,37,3
3163,26,29,2
3164,27,31,2
3165,31.25,34.75,3
3166,37.6381535,21.629337,1
3167,36.3952646081,30.4733584117,3
3168,34.4599,72.5024,5
3169,39.5,40.5,4
3170,41.9,12.5,1
3171,32.049999,48.849999,3
3172,35.0413672607,33.5,3
3173,36.5801979293,17.1153617347,3
3174,41.8917375,12.4861685,1
3175,37.5,67.5,5
3176,37.5,22.75,1
3177,29,42,3
3178,36.526222,37.9555335,3
3179,35,19,7
3180,50,50,7
3181,20.5,77.5,6
3182,41.75,12.5,3
3183,36.5801979293,17.1153617347,3
3185,37.5,22.75,1
3186,31.1982456667,29.9079146667,1
3188,27,30,2
3190,32.060569,45.290576,3
3191,37.5,38.75,3
3192,44.369242,39.208299,4
3193,35.5,19,7
3194,34.25,19,7
3195,23,29,2
3196,40.8325,46.026389,4
3206,29.191783,30.641461,2
3207,29.191783,30.641461,2
3208,25.6667788988,28.8647631769,2
3209,29.191783,30.641461,2
3210,42.5,22.5,1
3217,36.607458,10.172291,2
3218,35.610222,35.780703,3
3219,28.75,42.5,3
3220,50,9,1
3221,46.433,68.466,5
3222,34,22,1
3223,37.1,22.5,1
3224,60,90,7
3225,37.0988705,68.2846781,5
3226,28.542574,30.65172,2
3227,34,23,3
3228,41.9,12.5,1
3229,30.25,34.75,3
3230,32.25,72.5,5
3231,35.195648,26.2755538,1
3234,29.6,42.5,3
3236,37.8680905,12.4696985,1
3237,38.11127,13.3534422,1
3238,31,35.3,3
3239,34.55139575,38.2667172,3
3240,34.55139575,38.2667172,3
3261,41.9,12.5,1
3264,29.5164395,30.897603,2
3265,35,103.5,6
3266,42.5,12.5,1
3267,41.75,25,1
3268,33.75,22.5,7
3269,41.4484629667,33.2385502167,3
3270,26.8,30.78,1
3271,26,31,2
3272,26.1247,32.476,2
3273,29.5164395,30.897603,2
3274,25,31,2
3275,26,30,2
3276,25.5,29.75,2
3277,25.6760290667,32.6339435,2
3278,27,28,2
3279,29.25,30.75,2
3280,29.453786,31.08033,2
3281,25.7,32.65,2
3282,29.25,30.75,2
3283,29.25,30.95,2
3284,32,56,3
3285,29,42.5,3
3286,37.08579,25.150728,1
3288,38.5,57.5,3
3289,36.2617946667,29.314501,3
3290,36.35,29.05,3
3291,36.35,29.25,3
3292,39.25,43.5,4
3294,41.011,28.97,1
3295,35,19,7
3296,31.7608365,34.65407,3
3297,33,33,3
3298,31.25,34.75,3
3301,26.75,30.25,2
3302,36.960008725,30.8530306,3
3303,31.35,35.75,3
3304,29.9353403333,52.889437,3
3305,32,53,3
3306,32,54.25,3
3307,25,28,2
3308,41.5,12.5,1
3309,39.6310737661,30.9895776103,3
3310,26,30,2
3315,39.381063225,31.551393475,3
3318,30.328611,35.441944,3
3321,35.0627201667,24.9469437222,1
3322,32.5,36,3
3323,26,30,2
3324,25,29,2
3325,42.1237505,42.2161531,4
3326,24.025031,32.884252,2
3327,40,31.5,3
3328,34,23,3
3329,34,23,3
3330,36.5801979293,17.1153617347,3
3331,33.25,35.25,3
3332,37.5,32.5,3
3333,43.74465275,7.40183905,1
3334,35,103.25,6
3335,37.25,22.5,1
3337,35,19,7
3338,35,19,7
3339,35,19,7
3340,21,78,6
3342,39.25,31,3
3343,34.5,18.5,7
3344,30.3383,42.4989,3
3345,35,38,3
3352,34,23,7
3353,36.5801979293,17.1153617347,1
3356,40.74941,14.485429,1
3357,40.74941,14.485429,1
3358,40.74941,14.485429,1
3359,41.514877,34.190154,3
3360,40.74941,14.485429,1
3361,37.5,22.5,1
3362,33.663081,35.428727,3
3363,37.5,22.25,1
3370,37.4202265076,25.8990768471,1
3371,35,19,7
3372,29.5164395,30.897603,2
3373,31.1982456667,29.9079146667,1
3374,37,10.25,2
3375,31.25,34.75,3
3376,13.5,103.75,6
3377,33,33,1
3384,41.011,29.25,1
3385,31.318603,45.61715,3
3387,29.966796,31.276221,2
3388,26.75,30.8,2
3389,51.4279192,-1.8531245,1
3390,37.4202265076,25.8990768471,1
3391,15.4,101.3,6
3392,30.25,34.75,3
3393,38.488314,28.040286,3
3394,35.7412092,36.3315456,3
3395,36.84837212,10.32340778,3
3396,32.7535945,35.281457,3
3397,31.772695758,35.2355992035,3
3398,28.75,42.5,3
3399,28.75,42,3
3400,43.43,11.13,1
3404,34,44,3
3405,37.5,67.5,5
3407,37.5,37.25,3
3410,35,18.75,7
3429,30.3383,42.4989,3
3430,34,23,1
3431,26.78,30.82,2
3432,29.3,42.5,3
3433,29,41,3
3434,38.8,34,3
3435,22.5,32.5,2
3436,43.8,87.633,3
3437,35,20,3
3438,35.5,18,7
3439,41.9,12,1
3446,42.3481871656,43.917547465,1
3447,31.25,35,3
3449,35,19.25,7
3450,35,19,7
3451,30.3383,42.4989,3
3452,30.5,35,3
3453,31,34.5,3
3455,30.3383,42.4989,3
3456,34,23,1
3457,27,27,2
3458,27.5,28,2
3459,30.552892,32.099321,2
3462,37,22.5,1
3463,41.5,12.25,1
3464,19.7818993413,45.1481332677,3
3465,31.7379311244,36.0102152432,3
3495,34.5,44.25,3
3496,40.01824972,34.62021474,3
3497,26,31,2
3498,28.75,42.5,3
3499,31.740476,35.458041,3
3500,37.1625575,38.781432,3
3502,31.739992,35.218992,3
3511,33.5,23,3
3512,36.0365346,14.1871584,1
3513,35.75,36,3
3514,35,18.75,7
3515,44.415718,12.196604,1
3516,31.25,34.75,3
3517,37.056944,40.997222,3
3518,30.3383,42.4989,3
3519,36.1069582726,43.2437443112,3
3520,34,44,3
3521,34,22,1
3522,41.75,12.75,1
3523,29.3,42.5,3
3524,39,34.25,3
3525,30.3383,42.4989,3
3526,25.4,30.2,2
3527,36.9243718731,41.5640965823,3
3528,35.8810932131,44.0071414009,3
3529,31.5,46.5,3
3530,34,44.5,3
3531,41,29,1
3532,41.7,12.54,1
3533,41.8917375,12.4861685,1
3534,35,102,6
3535,32.5,35,3
3536,31.7774646,35.23474835,3
3537,37.5,37.5,3
3538,40.0,-5.0,1
3539,40.0,-5.0,1
3540,35.521389,43.236332,3
3541,32.75,36.25,3
3543,18,102,6
3544,37.2958505,36.2537475,3
3547,30,35.25,5
3548,34.75,19.25,3
3549,32.427908,53.688046,3
3550,31.25,34.87,3
3551,46.433,68.466,5
3552,30.3383,42.4989,3
3553,28.75,42,3
3554,25.5,30.5,2
3555,23,46,3
3557,32,54,3
3558,41.75,12.5,1
3559,32.209600,35.282410,3
3560,26.791667,37.952778,3
3561,25.5,30,2
3562,27.78,30.82,2
3563,41.75,12.5,1
3564,34,23,1
3565,36.5801979293,17.1153617347,1
3566,34.5,19,7
3567,35.298097,25.161567,1
3568,31.1831575,35.703277,3
3569,39.283611,43.371944,4
3570,31.5,34.75,3
3571,46.433,68.466,5
3572,39.283611,43.671944,4
3573,36.5801979293,17.1153617347,2
3574,29.1,42.2,7
3575,35.602208,35.785680,3
3576,34.25,18.75,7
3577,52.5,-2.5,1
3578,35.521389,43.236332,3
3579,37.5,38.75,3
3580,29.5,34.0,2
3583,41.9,12.5,1
3584,41.9,12.5,1
3585,42.75,13,1
3586,41.75,12.5,1
3587,42,12.25,1
3588,53.826,-2.422,1
3589,42.75,12.5,1
3590,41.9,12.5,1
3591,48.113346,16.867891,1
3592,41.9,11.75,1
3593,42.5,13,1
3594,51.512342,-0.091604,1
3595,51.6057417075,5.7955395575,1
3596,41.9,12.5,1
3597,52,-2,1
3598,41.75,12.5,1
3599,42,12,1
3600,42,12.25,1
3601,52.5,-2.5,1
3602,51.510235,-0.088315,1
3603,42.25,12,1
3604,29,42.5,3
3605,32,54,1
3606,41.9,12.5,1
3619,32.5,48,3
3620,28.75,42,3
3622,13.4,103.75,6
3623,30.3383,42.4989,3
3624,42.5,-7.5,1
3625,35,18.5,7
3626,30.75,34.25,3
3627,39,35,3
3628,30.3383,42.4989,3
3629,29,42.5,3
3630,39.6310737661,30.9895776103,3
3631,31.8786659,36.0043148,3
3632,31.25,34.75,3
3636,40.5,16,1
3638,33.25,35.25,3
3639,43.1284,27.4725,1
3642,32.331417,35.228586,3
3643,26,29.5,2
3644,42.261111,44.121111,4
3654,26,31,2
3659,21.5,86.5,7
3660,25,29,2
3661,39.507778,67.460278,5
3662,33.4624795,35.2948605,3
3663,36.1069582726,43.2437443112,3
3664,34,44,3
3665,46.5,28.5,4
3673,27.175374,56.258146,3
3674,32,54,3
3675,32.25,53.25,3
3676,35.8617,56.84,3
3677,32,54,3
3678,41.8917375,12.4861685,1
3679,13.43333,103.8333,6
3684,26,31,2
3685,26,30,2
3686,34.5,44,3
3687,29,42.25,3
3688,25,29,2
3689,32.5,44.5,3
3690,34.75,18.75,7
3691,35,103,6
3692,35.5,103,6
3693,26.5,30,2
3694,41.9,12.25,1
3695,25,29,2
3696,24,29,2
3697,24,28,2
3698,31.741828,35.65,3
3699,31.741828,35.459407,3
3700,37.90608,22.87733,1
3701,49,43,4
3702,49,43,4
3703,47.5,22.5,4
3704,49,43,4
3705,36.248277,36.376175,3
3706,36.5801979293,17.1153617347,7
3707,35.381241,44.208201,3
3708,35.25,19,7
3709,33,65,6
3710,42.5,12.5,1
3711,29.8965413666,31.204560324,2
3712,34.439896,107.904546,6
3713,34,22.75,1
3714,34.5,104,6
3716,33,42,3
3722,29,42.25,3
3723,32.5,44.5,3
3724,33.097898,44.523773,3
3725,25.6760290667,32.6339435,2
3726,36.1069582726,43.2437443112,3
3727,44.698137,10.630721,1
3728,32.7535945,35.281457,3
3729,33.5,44.5,3
3730,37.9651469567,24.525682347,1
3731,32.75,35.25,3
3732,34.52908255,44.7946782967,3
3745,32.68025,35.608239,3
3746,32,54.25,3
3754,34.75,113.25,6
3771,25,30,2
3772,40.266667,35.25,3
3775,32.218685,35.262911,3
3776,32.206536,35.286696,3
3779,41.8,123.4,6
3780,41.8,123.4,6
3781,41.8,123.4,6
3789,31.25,34.75,3
3800,41,84.5,6
3801,39.75,76.25,6
3802,39.466667,75.983333,6
3803,41,85,6
3804,41,85.3,6
3805,39.75,76,6
3806,39.466667,75.983333,6
3807,41,85,6
3814,15.25,101.3,6
3817,36.772309,31.3940885,3
3818,29,42.75,3
3819,25,30,2
3820,41.9,12.5,1
3821,31.25,34.75,3
3822,39.5,40.5,4
3823,46.433,68.466,5
3824,39.466667,75.5,5
3825,39.466667,75.983333,5
3827,40.839995,14.25287,1
3828,42.5,22.5,1
3829,34.7,19.6,7
3831,29.5,34.0,3
3835,44.966447,19.610106,1
3837,30.3383,42.4989,3
3838,34,103.5,6
3839,35,103,6
3840,25,28,2
3882,37.5,72.5,4
3883,29.9758087083,31.1343486917,2
3885,39.5331885499,26.1162702476,3
3886,38.41719605,27.141387,3
3887,38.41719605,27.141387,3
3890,22.5,77.5,6
3891,39.5,-5.0,1
3892,41.5,12.5,1
3893,30.3383,42.4989,3
3894,23,29,2
3895,31.6824908,34.9738148,3
3897,30.3383,42.4989,3
3899,34,23,1
3903,32.3,44.6,3
3904,34,22.5,1
3905,26,29,2
3906,33.5,104.5,6
3908,30.25,34.25,3
3909,30.5,34.25,3
3915,29.25,42.75,3
3916,34,44,3
3917,34,44,3
3918,34.9222395,40.25,3
3919,15,48,3
3920,15.35,77.5,6
3921,38.9,82.2,6
3923,41.011,28.97,1
3924,35.25,103.75,6
3925,35,103.75,6
3926,35.5,103.5,6
3927,35,102,6
3928,40.0,-5.0,1
3929,40.0,-5.0,1
3931,31.3243321,45.6402127,3
3932,37.5,22.75,1
3933,2.383,16.066,7
3934,28.75,42.5,3
3935,35,103,6
3936,40.75,29,1
3937,32.5,54,3
3938,32.5,102.5,6
3939,41.8917375,12.4861685,1
3940,27,29,2
3941,27,28,2
3944,36.5136883333,29.1296185,3
3945,35.9580498787,39.0472662969,3
3947,36,43.3,3
3948,36.1069582726,43.2437443112,3
3949,36.1069582726,43.2437443112,3
3951,35.521389,43.236332,3
3952,37.9765256666,23.7255156587,1
3959,29.348065,30.49696,1
3960,37.922558,29.1246985,3
3961,35.602208,35.785680,3
3963,27.82,30.79,2
3965,37.3137095,28.061849,3
3966,35,18,7
3967,31.435273,45.973967,3
3968,37.8680905,12.4696985,1
3969,35.7990446787,36.7983658027,3
3970,28.75,43,3
3971,35.7990446787,36.7983658027,3
3972,35.7990446787,36.7983658027,3
3973,35.75,36.25,3
3974,28.75,42,3
3975,34.55139575,38.2667172,3
3976,32,56,3
3977,42,43.5,4
3978,53.04148,30.0241836,5
3979,26.75,28.25,2
3980,25.5,30,2
3981,47.15,34.4,5
3982,34.75,18.75,7
3983,33.5,22,1
3984,25.5,28,2
3985,32.5,44.5,3
3986,41.297085,45.01507,4
3987,40,94.65,6
3988,34.5,103.75,6
3989,41,28.75,3
3990,36.5801979293,17.1153617347,1
3991,34,19,7
3992,36.5801979293,17.1153617347,1
3993,32.25,44.25,3
3994,40.0718920039,8.90091179614,1
3995,32,45.5,3
3996,33,36.5,3
3997,31.25,35,3
3998,32.5,44.5,3
3999,21,78.5,6
4000,31.499159,35.780512,3
4001,35.5,36,3
4002,35.298097,25.161567,1
4003,32.25,44.5,3
4004,39.656498,66.947223,5
4005,29.25,42.25,3
4006,54,-4,1
4007,17.25,51,3
4009,29,44,3
4016,32.2,45.4,3
4017,33,44,3
4018,34,44.5,3
4019,31.435273,45.973967,3
4020,31.951644,45.628335,3
4021,32.060569,45.290576,3
4022,32.126944,45.230833,3
4023,32.126944,45.5,3
4024,31.435273,45.973967,3
4025,32.126944,45.230833,3
4026,32.060569,45.290576,3
4027,32,45.75,3
4028,32.126944,45.230833,3
4029,34,44,3
4030,36.1069582726,43.5,3
4031,37.5,22.5,1
4032,42,13,1
4033,37.4202265076,25.8990768471,1
4034,37.5,26.25,1
4035,37.25,22.5,1
4036,37.5,22.5,1
4037,37.5,22.5,1
4038,36.5,22.5,1
4039,37.5,22.5,1
4040,27.8,30.75,2
4041,38.482289,22.501169,1
4042,35.0413672607,33.2756110602,3
4050,24.0885745,32.901491,2
4051,37.5,22.25,1
4052,36.660833,45.093333,3
4053,39.474711,67.841635,5
4054,33,32.5,1
4055,34.5,103,6
4056,37.25,38.75,3
4057,31,35,3
4058,36.5801979293,17.1153617347,3
4059,36.5801979293,17.1153617347,1
4060,34.5,38,3
4061,35,38,3
4062,37.5,38.75,3
4063,35,38,3
4064,29.25,42,3
4065,31.1982456667,29.9079146667,7
4066,31.584522,46.1906725,3
4067,31.584522,46.1906725,3
4068,32.060569,45.290576,3
4069,31.411389,46.407222,3
4070,38.95,35.5,3
4072,40.805843,14.348058,1
4078,14.986325,45.793817,3
4084,30.2033,53.179,3
4087,33.5,23,7
4089,34,103,6
4092,43.17,41.13,4
4093,29.107063,30.762808,2
4095,31.779672,34.75,3
4096,31.779672,34.848363,3
4097,31.779672,34.848363,3
4098,31.779672,34.848363,3
4099,32.53493,34.910199,3
4101,32.287387,35.337803,3
4102,27.645956,30.899569,2
4103,30.786228,31.82253,2
4104,30.786228,31.82253,2
4105,30.9716055,32.468749,2
4106,32.216667,35.6,3
4107,31.7019809,34.8474001,3
4108,31.8700465,35.443876,3
4109,34.192468,45.056176,3
4110,36.790175676,38.0211472472,3
4112,35,19,7
4113,25.2,30,2
4114,35,103,6
4116,36.25,29.05,3
4117,36.5801979293,17.1153617347,1
4119,40,31,3
4121,36.1069582726,43.2437443112,3
4122,45,40.01,4
4123,35.7990446787,36.7983658027,3
4124,32.060569,45.290576,3
4125,31.318603,45.61715,3
4127,28.75,43,3
4128,32.5,102,6
4129,31.25,34.75,3
4130,34.5523591,40.8843621,3
4131,34.75,40.8843621,3
4132,31.621506,45.932937,3
4133,26,30,2
4134,35,19,7
4135,37.5,37.5,3
4136,41.902783,12.496366,7
4137,40,34.5,3
4138,36.823588,38.012758,3
4139,31.584522,46.1906725,3
4140,31.621506,45.932937,3
4141,41.25,29.5,1
4147,15.4,101.3,6
4149,32,54.25,3
4150,41,29,1
4151,39.80007435,30.84518185,3
4152,40.266667,35.25,3
4153,31.24,36.51,3
4154,34,22.5,3
4155,25.369659,32.473946,2
4156,28.75,42.5,3
4157,41.9,12.5,1
4158,39.606111,35.261528,3
4159,29.5,34.0,3
4160,29,42.75,3
4161,32.5,35.5,3
4162,41.011,30,1
4163,39.6310737661,30.9895776103,3
4164,39.6310737661,30.9895776103,3
4165,36.12,114.13,6
4166,31,35,3
4167,13.5,105,6
4168,26,28,2
4169,26.2,30.2,2
4170,25.7390994,32.60156076,2
4171,29.8717455,31.216001,2
4172,27,30,2
4173,29.761686,34.963689,3
4174,28.75,42.5,3
4175,28.75,42.75,3
4176,28.75,43,3
4177,29,42.25,3
4178,36,43,3
4179,29.5,42,3
4180,28.75,43,3
4181,31.25,34.75,3
4182,29.5,42,3
4183,31.25,34.75,3
4184,29,42,3
4185,29.3,42.5,3
4186,29,42.25,3
4187,31.25,34.75,3
4188,31.25,34.75,3
4189,30.3383,42.4989,3
4190,49,32.25,4
4191,37.25,37.5,3
4192,35.8897,23.3078,1
4193,37.7085484951,28.7236488119,3
4194,40,40.75,4
4195,44.1728565,28.6497375,1
4196,39.605620,66.671719,5
4197,28,32,2
4198,31.24,36.51,3
4199,39.6310737661,29.75,3
4200,35,19,7
4201,35,19,7
4202,31.38186,34.60643,3
4203,30.3383,42.4989,3
4204,31.5,49.5,3
4205,37.5,22,1
4206,39.9558005,26.2518225,1
4207,32.331417,35.5,3
4208,31.24,36.51,3
4209,18,102,6
4210,47.5,12.5,1
4211,35,38,3
4212,27.0000001,50.9999999,3
4213,31.25,35,3
4214,32.276258,35.188835,3
4215,32.197434,57.857602,3
4216,40.7855637777,41.7473507439,4
4217,29.200151,30.953521,2
4218,39.2620252,44.33103221,3
4219,39.283611,43.371944,4
4220,39.283611,43.371944,4
4221,37.1625575,38.781432,4
4222,39.5,40.5,4
4223,31.7774646,35.23474835,3
4224,33,65,5
4225,35,19.5,7
4226,37.8,23.72,1
4227,37.5,22.5,1
4228,43.681111,87.331111,3
4229,18,102,6
4230,26,30,2
4231,33.5,103.5,6
4232,32.5,72.5,6
4233,41.011,28.97,1
4234,24.08349815,32.89281815,2
4235,37.9765256666,23.9,1
4236,32.707051,34.932620,3
4237,41.8917375,12.4861685,1
4238,31.75,54.25,3
4239,48.5,18.5,1
4240,30.2167,35.5333,3
4241,32.5,44.5,3
4242,26.233137,50.520036,3
4243,42,43.5,4
4244,36.2236034,43.4166435,3
4245,36.5801979293,17.1153617347,7
4246,36.5801979293,17.1153617347,3
4247,34.5,104.5,6
4248,42,12.5,1
4249,49.173333,0.621389,1
4250,36.5801979293,17.1153617347,3
4251,21,78,6
4252,30,34.25,3
4253,31.25,35.25,3
4254,30.3383,42.4989,3
4255,34,22.5,3
4256,30.3383,42.4989,3
4257,31.25,34.75,3
4258,31.5,34.5,3
4259,56,10.5,1
4260,34.75,18.5,7
4261,33,33,3
4262,41.8917375,12.4861685,1
4263,26,30,2
4264,40.80226,22.05076,3
4265,41.9,12.5,1
4266,16.166667,107.833333,6
4267,32.5,72.5,5
4268,35.8125,116.102778,6
4269,34,22,7
4270,33.75,22,3
4271,39,13,1
4272,32,54,3
4273,32,54,3
4274,29,42,3
4275,34,23,3
4276,35,19,7
4277,30.3383,42.4989,3
4278,37.5,37.5,3
4279,34,102.5,6
4280,37.982299,22.7168885,1
4281,25.05,101.866667,6
4282,35,38,3
4283,37.5,38.75,3
4284,34,22.5,1
4285,24,28,2
4286,41.011,28.97,1
4287,41.011,29.5,1
4288,33.5,22.75,3
4289,31.580556,35.105124,3
4290,31.772695758,35.2355992035,3
4291,31.772695758,35.2355992035,3
4292,35.602208,35.785680,3
4293,41.8917375,12.65,1
4294,29,43,3
4295,32.1887935,48.2537285,3
4296,41.011,29.75,1
4297,41.00746276,28.96060984,1
4298,35.5,19,7
4299,33.25,35.25,3
4300,42.35,21.7,1
4301,40.38362725,16.82523365,1
4302,40.38362725,16.82523365,1
4303,31.68589278,34.67003042,3
4304,34.60958125,40.22618475,3
4305,42.5,-7.5,1
4306,42.5,-8,1
4307,34.60958125,40,3
4308,41.25,21.75,1
4309,37.808904,22.7108171,1
4310,32.75,35.75,3
4311,37.5,67.5,5
4312,42.4209095298,11.7542277484,1
4313,40.75,17.75,1
4314,30.75,34.5,3
4315,31.7782502,35.2353407,3
4316,34.75,19,7
4317,25,29,2
4318,32.5,44.5,3
4319,41.9,12.5,1
4320,30.3383,42.4989,3
4321,36.1069582726,43.2437443112,3
4322,41.00746276,28.96060984,1
4323,37.7085484951,28.7236488119,3
4324,26,30,2
4325,31.5,34.75,3
4326,35.165365,25.428883,1
4327,30,35,3
4328,42.25,12.75,1
4329,42,12.75,1
4330,33,23,1
4331,31.25,34.75,3
4332,31.741828,35.459407,3
4333,31.741828,35.459407,3
4334,31.741828,35.459407,3
4335,37.4202265076,25.8990768471,1
4336,49.633333,100.166667,5
4337,41.011,29.5,3
4338,38.0519988333,23.8189911,1
4339,25.8,30.2,2
4340,31.25,34.75,3
4341,33.25,35.25,3
4342,31.995698,35.33578,3
4343,35.25,19.5,7
4344,36.5801979293,17.1153617347,7
4345,39,35,3
4346,40.761,29.25,1
4347,34.5,102.5,6
4348,31.9166759,35.2615767,3
4349,24.058611,55.7775,3
4350,33,103,6
4351,30.5,34.75,3
4352,21,78,6
4353,16.5,77.5,6
4354,29,42,3
4355,36.5801979293,17.1153617347,1
4356,32.1887935,48.2537285,3
4357,34,116,7
4358,37.5,41.5,3
4359,36.5801979293,17.1153617347,1
4360,33.5,23,1
4361,31.5,49.5,3
4362,40.346685,26.699162,1
4363,41.011,28.97,1
4364,34,23,1
4365,32.5,44.5,3
4366,26,30,2
4367,47.25,5,1
4368,25.369659,32.473946,2
4369,40.161769,44.291164,4
4370,35,19,7
4371,42.4209095298,11.95,1
4372,42.4209095298,11.7542277484,1
4373,42.4209095298,11.7542277484,1
4374,42.4209095298,11.7542277484,1
4375,31.8700465,35.443876,3
4376,32.5853525335,35.1846629693,3
4377,46.433,68.466,5
4378,41.9,12.5,1
4379,32.5,44.25,3
4380,34.385,109.273056,6
4381,31.5,35,3
4382,31.5,45.5,3
4383,40.722721075,13.8914769375,1
4384,36.5801979293,17.1153617347,1
4385,30.3383,42.4989,3
4386,32,103,6
4387,33.5,23,1
4388,36.844,27.17,1
4389,31.25,34.75,3
4390,29.4,42.6,3
4391,39.653889,31.998056,3
4392,35,19,7
4393,30.25,35,3
4394,25,29,2
4395,37.4202265076,25.8990768471,1
4396,35,20,3
4397,31.25,34.75,3
4398,36.1069582726,43.2437443112,3
4399,33.5500,68.416,5
4400,25,31,2
4401,26.25,32.25,2
4402,29,42.5,3
4403,33,23,7
4404,37.542011,66.324548,5
4405,34,23,3
4406,28.079479,30.726807,3
4407,26.25,32.25,2
4408,40.433333,113.15,6
4409,35.5,19.25,7
4410,33.5,36.38,3
4411,37.5,22.53,1
4412,37.5,22.5,1
4413,35.515775,24.01869,1
4414,36.5801979293,17.1153617347,1
4415,41.75,12.5,1
4416,33.0578375,44.2566075,3
4417,24.9795361111,32.8732936296,2
4418,30.5,34.5,3
4419,31.25,34,3
4420,37.25,22.5,1
4421,34.712264,33.13708095,3
4422,29,42.5,3
4423,37.4202265076,25.8990768471,1
4424,37.9174405,22.9958797,1
4425,35.5,19.5,7
4426,38.75,29.75,3
4427,37.2131638336,28.0889969027,3
4428,33,36,3
4429,41.011,29.15,1
4430,33.75,22.5,1
4431,32.053079,34.7499295,3
4432,32.053079,34.7499295,3
4433,41.9,12.5,1
4434,40.761,29.75,1
4435,36.3224685,41.861983,3
4436,41.011,29.75,1
4437,38.8,34,3
4438,38.8,34,3
4439,31.25,34.75,3
4440,31.833,35.3333,3
4441,33,36,3
4442,26,31,2
4443,35.602208,35.785680,3
4444,36.25,38.25,3
4445,35,19,7
4446,30,54.25,3
4447,60.5,12.5,7
4448,31.7774646,35.23474835,3
4449,32,45.5,3
4450,18,103,6
4451,34.7491245,40.7285885,3
4452,37.5884372,12.8344342,1
4453,37.5,37.5,3
4454,29.2,42.5,3
4455,35.5,19,7
4456,34,22.5,3
4457,32,56,3
4458,32,56,3
4459,33.5,44,3
4460,30,34.75,3
4461,31.25,34.75,3
4462,32.9739606927,35.2305549637,3
4463,31.5,34.25,3
4464,31.7782502,35.2353407,3
4465,31.1982456667,29.9079146667,2
4466,40.761,29.5,3
4467,41.9,12.5,1
4468,35,19,7
4469,34.5,19,7
4470,35,19,7
4471,27.5,28,2
4472,25,31,2
4473,31.25,34.75,3
4474,26,30,3
4475,30.3383,42.4989,3
4476,37.73036675,22.75557475,1
4477,38.8,34,3
4478,35,38,3
4479,41.124555,45.670822,4
4480,31,36,3
4481,31.25,34.75,3
4482,46.433,68.466,3
4483,26,29.75,2
4484,34,33,3
4485,32,35.66,3
4486,31.35,35.75,3
4487,29.25,42.75,3
4488,34.3,36.116667,3
4489,20.75,77.75,6
4490,37.5,38.75,3
4491,37.5,32.5,3
4492,25.5,28,2
4493,30,40,1
4494,39.8,106.85,6
4495,31.435273,45.973967,3
4496,36.20138,36.161749,1
4497,35,19,7
4498,41.8917375,12.4861685,1
4499,38.2262955,16.2443395,1
4500,42,12.5,1
4501,36.356272,43.145852,3
4502,38.66,30,3
4503,32.331417,35.228586,3
4504,28.75,43,3
4505,32.8333,35.3333,3
4506,36.5801979293,17.1153617347,1
4507,26,30,2
4508,35,104,6
4509,33.5,23,1
4510,33.5,22.5,1
4511,30.956115,31.51741,2
4512,22.6497588153,31.992804996,2
4513,31.866353,34.920181,3
4514,32.449667,35.614625,3
4515,27,31,2
4516,34,22,3
4517,31.87,35.21,3
4518,28.75,42.25,3
4519,26,30,2
4520,31.5,49.5,3
4521,26.1782655,31.9295357,2
4522,56,10,1
4523,42.5,12.5,1
4524,37.73036675,22.75557475,1
4525,37.5,22.5,1
4526,31.803225,35.60194,3
4527,41.8917375,12.4861685,3
4528,38,38.75,3
4529,30.9437675,35.707167,3
4530,28.75,42.5,3
4531,29.75,34.75,3
4532,30.96233805,46.10397,3
4533,32.427908,53.688046,3
4534,37.5,22.5,1
4535,31.741828,35.459407,3
4536,41.00746276,28.96060984,1
4537,29,42.5,3
4538,37.9765256666,23.7255156587,1
4539,37,38.5,3
4540,26.25,28.5,3
4541,31.933332,45.283333,3
4542,35.883830,38.404778,3
4543,35.332810,33.595706,3
4544,35.381306,44.212784,3
4545,38.849078,35.632229,3
4546,32.126944,45.230833,3
4547,30.3383,42.4989,3
4548,31.25,35.25,3
4549,40.037222,94.804167,6
4550,31.25,34.75,3
4551,30.25,35,3
4552,31.928333,35.238333,3
4553,30.3383,42.4989,3
4554,37.5,22.5,1
4555,33,36,3
4556,35,19,7
4557,30.25,34.75,3
4558,26,28,2
4559,56.2,15.016,1
4560,41,29,1
4561,28.75,43,3
4562,39.6310737661,31.25,3
4563,35.5,19,7
4564,31.25,34.75,3
4565,37.020944,68.262201,5
4566,28.542574,30.65172,2
4567,28.542574,30.65172,2
4568,28.542574,30.65172,2
4569,28.542574,30.65172,2
4570,28.542574,30.65172,2
4571,31.772695758,35.2355992035,3
4572,31.25,34.75,3
4573,29.8717455,31.216001,2
4574,37.9715576682,23.7265843383,1
4575,41.00746276,28.75,1
4576,62.8698,17.8258,1
4577,21,78,6
4578,30.3383,42.4989,3
4579,39.2620252,44.33103221,4
4580,18.49,31.82,2
4581,-20.0,80.0,7
4582,32.25,54,3
4583,30.328611,35.441944,2
4584,31.928333,35.238333,3
4585,24.025031,32.884252,2
4586,37.4202265076,25.8990768471,3
4587,33.25,35.25,3
4588,33.5,22,3
4589,39.75,-5.0,1
4590,35,103,6
4591,32,56,3
4592,38.260268,15.660384,1
4593,35.2197135,25.471784,1
4594,35,136,6
4595,34.5,101,6
4596,34.5,19,7
4597,31.25,35,3
4598,41.9,12.75,1
4599,37,37.5,3
4600,30.3383,42.4989,3
4601,35.381241,44.208201,3
4602,34.5,103,6
4603,35.602208,35.785680,3
4604,13.598889,103.962778,6
4605,41.011,29.5,1
4606,38.8,34,3
4607,31.25,34.75,3
4608,50,11,1
4609,34,44,3
4610,31.25,34.75,3
4611,32.5,44.5,3
4612,29.25,42.51,3
4613,43.691162,24.271627,1
4614,29.3,42.75,1
4615,41.9,12.75,3
4616,42,12.25,1
4617,41.9,12.5,1
4618,52.5,-2.5,1
4619,33.2487589617,35.6946943577,3
4620,40.74941,14.485429,1
4621,39.381063225,31.551393475,3
4622,34.75,18.75,7
4623,49,44,5
4624,36.1069582726,43.2437443112,3
4625,26.1480468882,50.5113601384,3
4626,31.25,34.75,3
4627,41.836468,44.6891385,3
4628,35.118595,45.711981,3
4629,32.5,44.75,3
4630,34,23.25,1
4631,34.5,19,7
4632,23,29,2
4633,31.7049404,35.3311461,3
4634,29,42,3
4635,36.20138,36.161749,3
4636,28.75,42,3
4637,33,45,3
4638,36.3573924,43.151983,3
4639,33.5,22.5,1
4640,29.3,42.25,3
4641,33,22,3
4642,39,76,5
4643,39.466667,75.983333,6
4644,40.1616915,15.1568265,1
4645,40.1616915,15.1568265,1
4646,40.7516167,14.4818647,1
4647,35,18,7
4648,40.01824972,34.62021474,3
4649,31,35.25,3
4650,30.5,35.25,3
4651,38.5,41,3
4652,33,102.5,6
4653,26,30,2
4654,26,30,2
4655,30.96233805,46.10397,3
4656,35,103,6
4657,32,54,3
4658,31.31904988,35.35230084,3
4659,38.5,57.5,5
4660,31.435273,45.973967,3
4661,31.435273,45.973967,3
4662,29.849491,31.255061,2
4663,34.75,19,7
4664,30.3383,42.4989,3
4665,37.5,39,3
4666,37.5,38.75,3
4667,43.681111,87.331111,3
4668,35,38,3
4669,35.381241,44.208201,3
4670,37.5,22.5,1
4671,30.75,35.583,3
4672,32.126944,45.230833,3
4673,33.5,104,6
4674,29,42.5,3
4675,25.476944,30.556111,2
4676,31.7745268001,35.2291440556,3
4677,34,23.5,3
4678,26.141774999999999,32.670097222222218,2
4679,31.77807,35.23065,3
4680,32,85,6
4681,29.25,42.25,3
4682,25.7315599999998,32.607084,2
4683,25.7313526,32.607431,2
4684,25.728284,32.601357,2
4685,27.162860,31.173422,2
4686,33.1864496,35.6191595,3
4687,31.741828,35.459407,3
4688,31.25,35,3
4689,30,34.75,3
4690,29.2352875,30.9683505,2
4691,25.5967547643,30.7304627764,2
4692,37.5,39,3
4693,35,104,6
4694,33.5,44,3
4695,39.8130499392,35.0524763477,3
4696,25,28,2
4697,31.25,34,3
4698,33,36,3
4699,34,102,6
4700,35.21,24.91,1
4701,31.7733,35.2368,3
4702,54.9912906687,-2.36079883305,1
4703,31.849056,35.184362,3
4704,32,54.5,3
4705,35,23,1
4706,53.2739768152,-7.42778298503,1
4707,37,38.7,3
4708,31.25,34.75,3
4709,33,36,3
4710,33.25,35.25,3
4711,37.4202265076,25.8990768471,1
4712,34.75,19,7
4713,32.5,44.5,3
4714,40.1105,113.1259,6
4715,32,54,3
4716,25.6760290667,32.6339435,2
4717,37.48,22.48,1
4718,41,29.1,1
4719,41.011,28.97,1
4720,41.75,12,1
4721,33.5,23,3
4722,33,23,3
4723,30.3383,42.4989,3
4724,30.5,35,3
4725,36.1069582726,43,3
4726,33,22.5,3
4727,31.622262,45.932591,3
4728,47.85,5.75,1
4729,41.75,25.75,1
4730,44,28,1
4731,42.5,22.5,1
4732,29,42.25,3
4733,37.056944,40.997222,3
4738,31.2,88.8,6
4739,31.2,88.8,6
4740,31.2,88.8,6
4741,40.0,-5.0,1
4743,37.754402,38.871403,3
4744,41.8917375,12.4861685,1
4745,26,30,2
4746,35,19,7
4748,37.599444,22.799722,1
4749,32,56,3
4752,31.25,34.75,3
4753,38.5167,21.2833,1
4754,26.25,30,2
4757,25.7390994,32.60156076,2
4758,34,22.5,3
4759,29,42.5,3
4760,33.75,23,7
4761,36.5801979293,17.45,1
4762,36,43.3,3
4765,37.0738645,15.2718869278,1
4766,38.036517,12.583607,1
4767,24,30,2
4768,40.037222,94.804167,6
4769,33.75,43.75,3
4770,41,113,6
4771,39.5,76,5
4772,34,23,7
4773,28.75,42,3
4774,35.75,103,6
4776,41.011,29.5,1
4777,41.011,28.97,1
4778,27,29,2
4780,41.7324,27.2514,1
4781,42.3,43.75,4
4782,29.25,43,3
4783,34,43,3
4784,29.25,42,3
4785,28.75,42.75,3
4786,30.3383,42.4989,3
4787,33,42,3
4788,29,42.25,3
4789,34,22.5,3
4790,32.5,44.5,3
4791,36.2617946667,29.314501,3
4792,38.8,34,3
4793,40.8078,14.3445,2
4794,46.594036,1.51722,1
4795,41.011,30,1
4796,40.761,29.25,1
4797,35,19,7
4798,37.4202265076,25.8990768471,1
4799,37.4202265076,25.5,1
4800,21,78,6
4801,17.996942,104.210342,6
4802,38.3277393833,67.73702375,5
4803,52.08932,1.33842,1
4804,33.25,103,6
4805,34.691944,135.838611,6
4806,41.206421,20.754743,1
4807,36.731005,10.327692,2
4808,46,25,4
4809,35,101.5,6
4811,49.754979,6.6449885,1
4812,49.754979,6.6449885,1
4813,39.25,35.75,3
4815,39.9558005,26.2518225,1
4833,26.5,29.5,2
4835,29.5,47.75,3
4836,42.93333333,89.16666667,6
4837,34,9,2
4839,37.1625575,38.781432,3
4840,40.3407,34.7455,3
4841,39.6310737661,30.9895776103,3
4842,40,60,5
4843,25.7390994,32.60156076,2
4845,40.01824972,34.62021474,3
4846,25.4,29.8,2
4847,26,30.5,2
4848,30.96233805,46.10397,3
4850,36,103.5,6
4855,33.5,44,3
4856,28.75,42.5,3
4857,26.75,28,2
4858,35.602208,35.785680,3
4859,35.602208,35.5,3
4860,35.602208,35.785680,3
4861,35.602208,35.785680,3
4862,35.602208,35.785680,3
4863,35.602208,35.785680,3
4864,35.602208,35.785680,3
4866,37.5,37.75,3
4867,49.083333,20.5,1
4868,27.7796202493,30.8035806072,2
4869,30.3383,42.4989,3
4870,40.157222,24.326389,1
4871,43.43401174,6.73406436,1
4872,25.8,30,2
4873,38.728033,35.484989,3
4874,29.5,34.0,2
4875,36,43.3,3
4876,37.5,25.75,1
4877,47,33,4
4878,31.1982456667,29.9079146667,2
4879,35.168889,45.171111,2
4880,28.75,42,3
4881,35.5,19,7
4882,40.01824972,34.62021474,3
4883,33.5,19,7
4884,25.7249654876,32.6065909489,2
4885,25.5,28.25,2
4886,24,30,2
4887,24,29,2
4888,30.96233805,46.10397,3
4889,31.411389,46.407222,3
4890,34.8347424361,36.8663107738,3
4891,31.3243321,45.6402127,3
4895,38.9163,82.2382,5
4896,35.68762,10.758926,2
4898,38.8,34,3
4900,37.5,22.5,1
4901,42.083776,42.5014885,4
4902,42.083776,42.5014885,4
4908,51.7520276421,-0.358468171293,1
4909,51.7520276421,-0.358468171293,1
4910,36.8508911811,10.3271851783,2
4912,36.20138,36.161749,1
4915,30.75,30.25,2
4916,39.5,30.75,3
4917,34.923186,33.630615,3
4918,38.6,34,3
4919,36.5801979293,17.1153617347,7
4920,35,104.5,6
4921,39.6310737661,30.9895776103,3
4922,44.415718,12.196604,1
4923,35.25,19,7
4924,38.8,34,3
4931,40.01824972,34.62021474,3
4937,41.75,12.75,1
4938,29,43,3
4939,25.5,28.5,2
4940,23,29,2
4941,42,12.5,1
4945,19.2114087667,30.5673296333,2
4946,29,43,3
4954,40.5,36.5,4
4955,18,102,6
4969,50,11,4
4970,31,36,3
4972,29.3,42.75,3
4975,35,19,7
4976,48,68,5
4977,41.75,12.25,1
4978,37.4202265076,25.8990768471,1
4979,53.826,-1.5,1
4980,32.5,103,6
4981,35,38,3
4982,44.261488,22.705317,1
4983,41.9,12.5,1
4984,26.25,28.5,2
4994,39.5,76,5
4995,27,31,2
4997,26,30.25,2
4998,35,19,7
5031,31.739992,35.218992,3
5032,39.5566082667,67.1893694,5
5033,28.75,42,3
5034,35,18.25,7
5035,41.8917375,12.4861685,1
5036,41.8917375,12.4861685,1
5037,37.4202265076,25.8990768471,1
5038,41.75,12.25,1
5039,31.25,34.75,3
5040,36.5801979293,17.1153617347,1
5041,31.25,34.75,3
5042,31.849056,35.184362,3
5043,34,44,3
5044,32,45.5,3
5045,37.5,37.5,3
5046,43,12.5,1
5047,21,78,5
5048,33,44,3
5049,39.6310737661,30.9895776103,3
5050,42.25,12.5,1
5051,41.5,12.75,1
5052,30.3383,42.4989,3
5053,38,23.8,1
5054,34,44,3
5055,35,19,6
5056,37.25,23,1
5057,31.5,35,3
5058,41.006045,28.952175,1
5059,32.5,102,6
5060,21,78,1
5061,26,30,2
5062,34.5,18.5,7
5088,30.993,104.2,6
5120,41,84.75,6
5121,40.75,85,6
5144,36.991419,27.197335,3
5145,40,34.5,3
5160,21.1,78.1,6
5166,32.6643757169,35.1089361358,3
5194,31.25,35,3
5195,25,31,2
5196,36.1069582726,43.2437443112,3
5197,24,28,2
5198,24,30,2
5199,33,33,2
5200,41.5,12.5,1
5202,37.057824,37.869334,3
5203,37.0530905,37.8733395,3
5204,37.0530905,37.8733395,3
5205,37.053,37.86,3
5210,34.766667,113.65,6
5211,34.85,113.65,6
5220,32.5,101,6
5221,33.5,100.5,6
5226,30.133333,102.933333,6
5227,35.1,103,6
5228,34.75,101,6
5229,34.3694,107.1363,6
5230,34,103,6
5231,34.5,101.5,6
5232,35,103,6
5233,32.5,102,6
5234,33.5,100.5,6
5235,35,103,6
5236,35,103,6
5237,35,103,6
5238,35,103,6
5239,34.5,100.5,6
5240,35,103,6
5241,34.5,101,6
5242,34.25,103.75,6
5243,35,103,6
5245,35,103,6
5246,33.25,103.25,6
5248,36.696667,118.479722,6
5257,33.5,101.5,6
5258,35.5,103,6
5260,34.484722,112.960278,6
5261,34.7578,113.6486,6
5263,38.396655,113.889537,6
5268,37.864169,40.989421,3
5274,31.5,54,3
5275,32,54.25,3
5276,35.5,18.5,7
5280,34.5,103,6
5281,24,30,2
5286,28.75,42.75,3
5288,41.011,28.97,1
5290,43,41.5,4
5291,47.15,34.4,4
5292,47.15,34.4,4
5293,46,105,6
5294,49,32,4
5295,60,91.5,4
5296,49,32,4
5297,43.210745,44.553905,5
5298,47,30.25,4
5299,46.5,104.5,5
5300,47.833333,35.166667,4
5301,43.70403,24.4738875,1
5302,41,64.5,5
5303,60,48,4
5304,43.58,43.45,4
5305,43.765332,45.020475,4
5306,41.297085,45.01507,4
5307,48.5,43,4
5308,42,43.5,4
5309,47.5437096,41,4
5310,35.5,19,7
5311,43.58,43.45,4
5312,50,58,7
5313,46.5,104.5,5
5314,455,68.75,5
5315,45.5,68.75,3
5316,42.3481871656,43.917547465,4
5317,50,35,4
5318,45.833333,47.966667,4
5319,46.966667,32,4
5320,60,60,5
5321,43.58,43.65,4
5322,46.5,28.5,4
5323,41.297085,45.01507,4
5324,45.450688,68.831901,5
5325,46.5,68.831901,5
5326,59,91,4
5327,43.75,43.5,4
5328,50,35,4
5329,49.5,35,4
5330,45.35,36.9,4
5331,50.0609553448,30.0758701268,4
5332,48.469101,106.387471,6
5333,44.516667,40.166667,4
5334,39.283611,43.371944,5
5335,43.316667,45.716667,4
5336,29,42.75,3
5337,49,43.25,7
5338,50.435641,30.557704,4
5339,35,19,7
5340,60,105,5
5341,42.189608,59.326172,5
5342,59,71,5
5343,43.183333,44.233333,4
5344,40,60,5
5345,42,43.5,4
5346,41,85,6
5347,49.75,35,4
5348,43.2,46.753333,4
5349,51.75,36.016667,4
5350,52.48635565,60.1883269,5
5351,47.5437096,41.25,4
5352,46.233333,30.35,4
5353,50,35,4
5354,45.833333,47.966667,4
5355,43.25,44.3,4
5356,45.15,34.55,4
5357,48,68,4
5358,45.5,22.5,1
5359,59.5,105,5
5360,49,43.5,4
5361,41.011,28.97,1
5362,45.3,34,5
5363,46.2007555,30.350134,4
5364,37.215275,66.855148,5
5365,50.5,58,5
5366,50,35,4
5367,44.6112696,33.49279435,4
5368,45.28,103.28,5
5369,42.25,44.25,4
5370,45.333333,37.4,4
5371,39,71,5
5372,59.939971,30.314924,4
5373,34,44.5,3
5374,34.75,19,7
5375,42.2,43.3,4
5376,32.634911,51.655833,3
5377,31.6964321,34.9573593,3
5379,35.25,109.25,6
5380,35.067487,118.339030,6
5381,24.067300,115.616800,6
5383,27.2,118.6,6
5384,33.25,108.9,6
5385,41.783333,82.5,6
5386,36.25,118.6,6
5388,34.5,101,6
5389,40,94.25,6
5390,40,94.5,6
5391,40.118993,94.566984,6
5392,41,85,6
5393,34,117,6
5394,35.551091,110.495479,6
5395,35,103,6
5396,32.5,101,6
5397,23.4,113.5,6
5399,34.5,112.5,6
5401,35.5915003,114.182293,6
5402,32.133333,112.75,6
5403,23.124884,113.259222,6
5406,33.950000,113.433333,6
5408,31.7,118.35,6
